TOKEN;TF;IDF;TF*IDF
a;0.000362;4.658211;0.001686
ada;0.000362;0.028855;1e-05
apt;0.000362;0.488286;0.000177
asic;0.000362;3.658211;0.001324
asicboost;0.000362;6.658211;0.00241
amazon;0.000362;6.658211;0.00241
america;0.000362;0.592122;0.000214
android;0.000362;3.658211;0.001324
antpool;0.000362;6.658211;0.00241
apecoin;0.000362;0.028855;1e-05
aptos;0.000362;0.488286;0.000177
armory;0.000362;6.658211;0.00241
bcd;0.000362;5.658211;0.002048
bch;0.000362;2.751321;0.000996
bip;0.000362;6.658211;0.00241
bit;0.000724;5.658211;0.004097
bnb;0.000362;0.028855;1e-05
brd;0.000362;6.658211;0.00241
btc;0.000362;0.014355;5e-06
btg;0.000362;4.658211;0.001686
busd;0.000362;0.028855;1e-05
bxc;0.000362;6.658211;0.00241
bank;0.000362;0.549687;0.000199
barelysociable;0.000362;6.658211;0.00241
binance;0.000362;0.014355;5e-06
bitinstant;0.000362;6.658211;0.00241
bitpay;0.000362;6.658211;0.00241
bitvending;0.000362;6.658211;0.00241
bitbox;0.000362;6.658211;0.00241
bitcoin;0.000724;0.014355;1e-05
bitcointalk;0.000362;6.658211;0.00241
bitcoinпрогнозы;0.000362;0.028855;1e-05
bitget;0.000362;0.014355;5e-06
bither;0.000362;6.658211;0.00241
bitnovo;0.000362;6.658211;0.00241
bloomberg;0.000362;6.658211;0.00241
blue;0.000362;5.658211;0.002048
blur;0.000362;0.592122;0.000214
buybit;0.000362;0.028855;1e-05
bybit;0.000362;0.014355;5e-06
cex;0.000362;0.028855;1e-05
capital;0.000362;3.488286;0.001263
cardano;0.000362;0.028855;1e-05
cardanoadaada;0.000362;0.028855;1e-05
cashразделение;0.000362;6.658211;0.00241
change;0.000362;0.613817;0.000222
chat;0.000362;6.658211;0.00241
classicинициированный;0.000362;6.658211;0.00241
coin;0.000362;0.028855;1e-05
coinbnbbnb;0.000362;0.028855;1e-05
coinex;0.000362;0.028855;1e-05
coinmarketcap;0.000362;3.073249;0.001113
coinstart;0.000724;0.613817;0.000444
coinusdcusdc;0.000362;0.028855;1e-05
coinbase;0.000362;2.957772;0.001071
coldcard;0.000362;6.658211;0.00241
core;0.000362;5.073249;0.001837
creek;0.000362;6.658211;0.00241
crypto;0.000724;0.014355;1e-05
currency;0.000362;0.014355;5e-06
cwallet;0.000362;4.073249;0.001475
dex;0.000362;0.028855;1e-05
dmptftl;0.000362;6.658211;0.00241
doge;0.000362;0.028855;1e-05
dot;0.000362;0.028855;1e-05
darkhammer;0.000362;6.658211;0.00241
defi;0.000362;0.014355;5e-06
defiанонимныес;0.000362;0.028855;1e-05
depot;0.000362;6.658211;0.00241
diamondхардфорк;0.000362;6.658211;0.00241
digital;0.000362;4.658211;0.001686
diluted;0.000362;0.658211;0.000238
divfna;0.000362;6.658211;0.00241
dogecoin;0.000362;0.028855;1e-05
donalt;0.000362;6.658211;0.00241
e;0.000362;0.448758;0.000162
ecdsa;0.000362;6.658211;0.00241
edg;0.000362;6.658211;0.00241
erc;0.000362;2.13465;0.000773
eth;0.000362;0.014355;5e-06
eur;0.000362;0.014355;5e-06
earn;0.000362;1.528928;0.000553
earnпроекты;0.000362;0.028855;1e-05
earnтокены;0.000362;0.028855;1e-05
electrum;0.000362;6.658211;0.00241
ellipal;0.000362;4.336283;0.00157
equihash;0.000362;6.658211;0.00241
ethereum;0.000362;0.014355;5e-06
ethereumкурсыbitcoinbtcbtc;0.000362;0.028855;1e-05
ethereumперспективные;0.000362;0.028855;1e-05
ethereumпрогнозы;0.000362;0.028855;1e-05
exhub;0.000362;0.613817;0.000222
exchange;0.000724;0.429393;0.000311
f;0.000362;5.073249;0.001837
fdic;0.000362;0.528928;0.000191
fdv;0.000362;0.658211;0.000238
flow;0.000362;3.850857;0.001394
fancy;0.000362;0.549687;0.000199
fem;0.000362;6.658211;0.00241
finance;0.000362;0.336283;0.000122
financial;0.000362;6.658211;0.00241
float;0.000362;0.613817;0.000222
fordin;0.000362;0.592122;0.000214
foundation;0.000362;0.528928;0.000191
fully;0.000362;0.658211;0.000238
god;0.000362;6.658211;0.00241
gpu;0.000362;5.073249;0.001837
gate;0.000362;0.592122;0.000214
genesis;0.000362;5.658211;0.002048
github;0.000724;4.658211;0.003373
global;0.000362;3.658211;0.001324
glory;0.000362;0.592122;0.000214
godорганизатором;0.000362;6.658211;0.00241
gold;0.000362;1.903324;0.000689
golden;0.000362;0.592122;0.000214
goldуспешный;0.000362;6.658211;0.00241
graftroot;0.000362;6.658211;0.00241
gwei;0.000362;0.028855;1e-05
hash;0.000362;0.613817;0.000222
hardware;0.000362;4.658211;0.001686
hashbon;0.000362;0.613817;0.000222
hashcash;0.000362;6.658211;0.00241
hashflow;0.000362;0.592122;0.000214
hitbtc;0.000362;0.028855;1e-05
huobi;0.000362;0.028855;1e-05
ico;0.000362;0.028855;1e-05
imx;0.000362;0.570749;0.000207
inushibshib;0.000362;0.028855;1e-05
io;0.000724;0.028855;2.1e-05
ip;0.000362;0.028855;1e-05
incomsharks;0.000362;6.658211;0.00241
internet;0.000362;3.850857;0.001394
jpy;0.000362;0.028855;1e-05
kfc;0.000362;6.658211;0.00241
kzt;0.000362;0.028855;1e-05
keepkey;0.000362;6.658211;0.00241
knots;0.000362;6.658211;0.00241
kraken;0.000362;3.850857;0.001394
kucoin;0.000362;0.028855;1e-05
lbtc;0.000362;6.658211;0.00241
lsd;0.000362;0.613817;0.000222
ltc;0.000362;0.028855;1e-05
launchpool;0.000362;5.658211;0.002048
ledger;0.000362;3.850857;0.001394
liberty;0.000362;6.658211;0.00241
lightning;0.000362;6.658211;0.00241
lightningразветвление;0.000362;6.658211;0.00241
linux;0.000362;4.336283;0.00157
liquid;0.000362;3.850857;0.001394
litecoin;0.000362;0.014355;5e-06
mast;0.000362;6.658211;0.00241
max;0.000362;0.103623;3.8e-05
mexc;0.000362;0.028855;1e-05
min;0.000362;0.103623;3.8e-05
macos;0.000362;5.658211;0.002048
mastercard;0.000362;0.549687;0.000199
memorydealers;0.000362;6.658211;0.00241
messari;0.000362;3.488286;0.001263
microsoft;0.000362;4.658211;0.001686
mikhail;0.000362;0.613817;0.000222
mining;0.000362;6.658211;0.00241
morgan;0.000362;6.658211;0.00241
move;0.000362;0.028855;1e-05
munizel;0.000362;0.613817;0.000222
nft;0.000362;0.014355;5e-06
new;0.000362;5.658211;0.002048
ning;0.000362;6.658211;0.00241
nominex;0.000362;0.028855;1e-05
okx;0.000362;0.028855;1e-05
p;0.000362;2.265894;0.00082
pci;0.000362;4.658211;0.001686
pgp;0.000362;6.658211;0.00241
paypal;0.000362;5.073249;0.001837
payeer;0.000362;5.658211;0.002048
phemex;0.000362;0.014355;5e-06
play;0.000362;0.028855;1e-05
pos;0.000362;2.658211;0.000962
pow;0.000362;2.658211;0.000962
polkadot;0.000362;0.028855;1e-05
poloniex;0.000362;0.028855;1e-05
polygon;0.000362;0.372809;0.000135
pool;0.000362;5.658211;0.002048
proof;0.000362;2.014355;0.000729
protocol;0.000362;0.028855;1e-05
qgefi;0.000362;6.658211;0.00241
qr;0.000362;6.658211;0.00241
rub;0.000362;0.014355;5e-06
ravencoin;0.000362;0.028855;1e-05
ray;0.000362;0.570749;0.000207
reddit;0.000362;4.658211;0.001686
relay;0.000362;6.658211;0.00241
ripple;0.000362;0.372809;0.000135
ripplexrpxrp;0.000362;0.028855;1e-05
ru;0.000724;0.014355;1e-05
rusbit;0.000362;6.658211;0.00241
sha;0.000362;4.658211;0.001686
shib;0.000362;0.028855;1e-05
shiba;0.000362;0.028855;1e-05
slmv;0.000362;6.658211;0.00241
sol;0.000362;0.028855;1e-05
sola;0.000362;0.592122;0.000214
svb;0.000362;5.658211;0.002048
segwit;0.000362;6.658211;0.00241
shanghai;0.000362;0.592122;0.000214
signature;0.000362;0.592122;0.000214
signet;0.000362;6.658211;0.00241
skorobogat;0.000362;0.592122;0.000214
social;0.000362;4.658211;0.001686
solana;0.000362;0.014355;5e-06
solanasolsol;0.000362;0.028855;1e-05
spacegold;0.000362;0.592122;0.000214
sparrow;0.000362;6.658211;0.00241
specter;0.000362;6.658211;0.00241
stack;0.000362;6.658211;0.00241
standard;0.000362;4.336283;0.00157
stellar;0.000362;2.957772;0.001071
swap;0.000362;4.336283;0.00157
th;0.000362;5.658211;0.002048
tps;0.000362;3.488286;0.001263
trc;0.000362;0.488286;0.000177
tangem;0.000362;3.488286;0.001263
taproot;0.000362;5.658211;0.002048
telegram;0.000362;0.028855;1e-05
tether;0.000724;0.014355;1e-05
tetherusdtusdt;0.000362;0.028855;1e-05
that;0.000362;0.592122;0.000214
times;0.000362;6.658211;0.00241
titan;0.000362;4.073249;0.001475
token;0.000362;0.028855;1e-05
twitt;0.000362;6.658211;0.00241
twitter;0.000362;0.014355;5e-06
uah;0.000362;0.028855;1e-05
uni;0.000362;0.028855;1e-05
usd;0.000362;0.014355;5e-06
usdbusdbusd;0.000362;0.028855;1e-05
usdc;0.000362;0.014355;5e-06
usdeurrubuahkzt;0.000362;0.028855;1e-05
usdt;0.000362;0.014355;5e-06
uglevvasiya;0.000362;0.570749;0.000207
uniswap;0.000362;0.028855;1e-05
unknown;0.000362;6.658211;0.00241
unlimitedразветвление;0.000362;6.658211;0.00241
vk;0.000362;0.058299;2.1e-05
vpn;0.000362;0.028855;1e-05
valuation;0.000362;0.658211;0.000238
vault;0.000362;5.658211;0.002048
vave;0.000362;3.19878;0.001158
visa;0.000362;0.549687;0.000199
wbtc;0.000362;1.957772;0.000709
wasabi;0.000362;6.658211;0.00241
webmoney;0.000362;6.658211;0.00241
whatsapp;0.000362;0.043502;1.6e-05
whitepaper;0.000362;5.073249;0.001837
windows;0.000362;5.073249;0.001837
work;0.000362;2.751321;0.000996
wrapped;0.000362;1.903324;0.000689
x;0.000724;0.448758;0.000325
xgoldbtgaudxzbckusdmimlbpuzslslegpawgbdtmopbdgatbcnytblastusdexrepdfigyenxofdzdkwdamdbifhnleosbtsidkwgrbcneonmkrvuvxautcnyxanctbwpuyuggpetbkncampuralscadxxtusdnpxscnhxchfeurocmadmwkmmkxaublockpayusdjchftjpyxleozytaramdllkralljodbampygqarcdfbitgoldvndcayachfxbtobatsypcnhtddrstttdiqdisktndgtqxvgbntardrtrxblockstampnzdxzilusdfrwfbobsargipaoadopagrsbcyinnjumpeurxcrodkkt;0.000362;6.658211;0.00241
xrp;0.000362;0.028855;1e-05
xtпервая;0.000362;6.658211;0.00241
yobit;0.000362;0.613817;0.000222
youtube;0.000724;0.028855;2.1e-05
binder;0.000362;0.613817;0.000222
bitcoinисходный;0.000362;6.658211;0.00241
black;0.000362;0.592122;0.000214
blocksколичество;0.000362;3.850857;0.001394
bot;0.000362;0.592122;0.000214
com;0.000362;2.265894;0.00082
comвсе;0.000362;0.028855;1e-05
dapps;0.000362;2.336283;0.000846
doramar;0.000362;0.613817;0.000222
ebay;0.000362;6.658211;0.00241
ep;0.000362;6.658211;0.00241
ios;0.000362;4.073249;0.001475
info;0.000362;0.028855;1e-05
mail;0.000362;0.570749;0.000207
of;0.000362;0.182478;6.6e-05
peer;0.000362;5.658211;0.002048
s;0.000362;3.336283;0.001208
samoylov;0.000362;0.613817;0.000222
to;0.000362;0.028855;1e-05
torbit;0.000362;0.570749;0.000207
tx;0.000362;4.658211;0.001686
zp;0.000362;6.658211;0.00241
авиабилеты;0.000362;0.028855;1e-05
австрия;0.000362;6.658211;0.00241
автоматический;0.000362;0.592122;0.000214
автор;0.000362;3.658211;0.001324
автосалоны;0.000362;0.028855;1e-05
агентства;0.000362;0.028855;1e-05
адам;0.000362;6.658211;0.00241
администрация;0.000362;0.028855;1e-05
азии;0.000362;5.073249;0.001837
академия;0.000362;0.028855;1e-05
аккаунты;0.000362;0.028855;1e-05
акман;0.000362;0.592122;0.000214
алгоритм;0.000724;2.13465;0.001545
алгоритмsha;0.000362;5.658211;0.002048
альтернатива;0.000362;3.336283;0.001208
американские;0.000362;0.028855;1e-05
американский;0.000362;6.658211;0.00241
аналитик;0.000724;3.658211;0.002649
аналитика;0.000362;0.549687;0.000199
аналог;0.000362;4.658211;0.001686
андрей;0.000362;0.613817;0.000222
анна;0.000362;0.613817;0.000222
анонсируемые;0.000362;6.658211;0.00241
аппаратные;0.000362;3.850857;0.001394
аппаратный;0.000362;3.488286;0.001263
аренда;0.000724;0.028855;2.1e-05
арина;0.000362;0.592122;0.000214
банки;0.000724;0.468387;0.000339
банкоматы;0.000724;6.658211;0.004821
безопасно;0.000362;0.528928;0.000191
безопасность;0.000724;0.028855;2.1e-05
белорусские;0.000362;0.028855;1e-05
билл;0.000362;0.592122;0.000214
бирж;0.000724;0.014355;1e-05
биржи;0.000724;0.014355;1e-05
биткоин;0.000724;0.014355;1e-05
биткоина;0.000724;0.028855;2.1e-05
биткоину;0.000362;4.073249;0.001475
биткоины;0.000362;3.658211;0.001324
биток;0.000362;5.658211;0.002048
блоги;0.000362;0.014355;5e-06
блок;0.000724;0.468387;0.000339
блокчейн;0.000724;0.014355;1e-05
больше;0.000724;0.166358;0.00012
большинство;0.000724;2.13465;0.001545
большой;0.000362;2.658211;0.000962
бонусы;0.000362;2.751321;0.000996
бот;0.000724;0.613817;0.000444
брай;0.000362;6.658211;0.00241
браузерный;0.000362;3.658211;0.001324
будущее;0.000724;0.429393;0.000311
бывший;0.000362;0.549687;0.000199
был;0.000724;1.613817;0.001168
была;0.000724;2.13465;0.001545
быстро;0.000362;0.014355;5e-06
бэк;0.000362;6.658211;0.00241
бэкразработчик;0.000362;6.658211;0.00241
важные;0.000362;3.19878;0.001158
вакансии;0.000362;0.014355;5e-06
вариант;0.000724;3.073249;0.002225
ваш;0.000362;3.488286;0.001263
ваша;0.000362;3.488286;0.001263
вексель;0.000362;5.073249;0.001837
вер;0.000362;6.658211;0.00241
взаимная;0.000362;0.592122;0.000214
видео;0.000362;0.028855;1e-05
владимир;0.000362;6.658211;0.00241
внедрение;0.000724;2.957772;0.002141
внедренные;0.000362;6.658211;0.00241
вознаграждение;0.000724;3.488286;0.002526
волатильность;0.000724;0.372809;0.00027
вопросы;0.000724;0.014355;1e-05
всего;0.000724;0.182478;0.000132
встроенный;0.000362;3.336283;0.001208
второй;0.000362;2.957772;0.001071
вход;0.000362;0.014355;5e-06
вы;0.000362;0.570749;0.000207
выбор;0.000724;2.410284;0.001745
выгодном;0.000362;0.570749;0.000207
высокая;0.000362;1.80023;0.000652
высокопроизводительный;0.000362;3.19878;0.001158
газ;0.000362;0.028855;1e-05
где;0.000724;1.903324;0.001378
гендиректор;0.000724;5.658211;0.004097
георгий;0.000362;0.592122;0.000214
главная;0.000362;0.014355;5e-06
главнаямонеты;0.000362;3.488286;0.001263
главные;0.000362;2.850857;0.001032
главным;0.000362;3.658211;0.001324
график;0.000362;0.528928;0.000191
гринвичу;0.000362;6.658211;0.00241
гуo;0.000362;6.658211;0.00241
гуо;0.000362;6.658211;0.00241
д;0.000362;1.658211;0.0006
давно;0.000724;0.570749;0.000413
данный;0.000724;0.028855;2.1e-05
дастин;0.000362;6.658211;0.00241
деньги;0.000724;0.182478;0.000132
депозит;0.000724;3.336283;0.002415
десктопные;0.000362;4.658211;0.001686
децентрализованные;0.000724;0.014355;1e-05
дзен;0.000362;0.028855;1e-05
диденкова;0.000362;0.592122;0.000214
добыто;0.000362;0.658211;0.000238
добыча;0.000362;3.658211;0.001324
добычей;0.000724;6.658211;0.004821
доступ;0.000724;2.014355;0.001458
доступен;0.000362;2.570749;0.000931
дрейпер;0.000362;6.658211;0.00241
другой;0.000362;1.372809;0.000497
думал;0.000362;0.613817;0.000222
европе;0.000362;6.658211;0.00241
европол;0.000362;5.658211;0.002048
его;0.000724;0.166358;0.00012
ее;0.000724;0.300659;0.000218
есть;0.000724;1.231947;0.000892
еще;0.000724;0.014355;1e-05
жданов;0.000362;6.658211;0.00241
задать;0.000362;0.014355;5e-06
закон;0.000362;0.028855;1e-05
заработать;0.000724;0.410284;0.000297
затем;0.000724;2.957772;0.002141
заявки;0.000362;2.957772;0.001071
игорь;0.000362;0.570749;0.000207
играть;0.000362;2.957772;0.001071
известные;0.000362;3.336283;0.001208
изменение;0.000724;2.658211;0.001925
изменениепояснение;0.000362;6.658211;0.00241
изменения;0.000724;0.058299;4.2e-05
изначально;0.000362;0.448758;0.000162
илона;0.000362;5.073249;0.001837
илья;0.000362;6.658211;0.00241
инвестирование;0.000362;0.028855;1e-05
инвестиции;0.000362;2.19878;0.000796
инвестор;0.000724;3.488286;0.002526
инициатива;0.000362;5.073249;0.001837
институциональные;0.000362;0.028855;1e-05
интервью;0.000724;0.028855;2.1e-05
инфографика;0.000362;0.028855;1e-05
иран;0.000362;6.658211;0.00241
использование;0.000362;2.488286;0.000901
используется;0.000724;1.903324;0.001378
истинная;0.000362;6.658211;0.00241
история;0.000362;0.592122;0.000214
крипто;0.000362;0.613817;0.000222
каждый;0.000724;1.957772;0.001417
казахстан;0.000362;6.658211;0.00241
казахстанские;0.000362;0.028855;1e-05
календарь;0.000362;0.028855;1e-05
калькулятор;0.000724;0.028855;2.1e-05
канаде;0.000362;5.073249;0.001837
капитализация;0.000724;0.028855;2.1e-05
карта;0.000362;0.028855;1e-05
кастодиальные;0.000724;0.014355;1e-05
кастодиальный;0.000362;4.073249;0.001475
качественная;0.000362;0.613817;0.000222
кийосаки;0.000362;3.658211;0.001324
кинг;0.000362;6.658211;0.00241
китае;0.000362;4.336283;0.00157
китайские;0.000362;0.028855;1e-05
китая;0.000362;4.658211;0.001686
киты;0.000362;0.592122;0.000214
клуб;0.000362;0.028855;1e-05
книга;0.000362;0.028855;1e-05
количество;0.000724;0.265894;0.000193
комплексное;0.000362;6.658211;0.00241
конкурс;0.000362;0.549687;0.000199
корейские;0.000362;0.028855;1e-05
кошельки;0.000724;0.014355;1e-05
крейг;0.000362;5.073249;0.001837
крипта;0.000362;3.488286;0.001263
криптобиржи;0.000724;0.028855;2.1e-05
криптовалют;0.000724;0.014355;1e-05
криптовалюта;0.000724;0.014355;1e-05
криптовалюты;0.000724;0.014355;1e-05
криптографический;0.000362;5.658211;0.002048
криптография;0.000362;6.658211;0.00241
криптомонета;0.000362;4.073249;0.001475
криптоновости;0.000362;0.613817;0.000222
криптопроекты;0.000362;0.028855;1e-05
криптосервисы;0.000362;0.028855;1e-05
криптофанаты;0.000362;6.658211;0.00241
крупнейшая;0.000362;4.336283;0.00157
крупные;0.000724;1.957772;0.001417
ксения;0.000362;0.613817;0.000222
купить;0.000724;0.014355;1e-05
купитьbinance;0.000362;0.13465;4.9e-05
купитьcoinbase;0.000362;1.265894;0.000458
купитьexmo;0.000362;1.410284;0.000511
купитьgateio;0.000362;0.985786;0.000357
купитьokx;0.000362;1.410284;0.000511
купитьpoloniex;0.000362;0.488286;0.000177
купитьпродатьобменятьигратьзаработать;0.000362;0.658211;0.000238
купитьсмотреть;0.000362;1.336283;0.000484
купленные;0.000362;6.658211;0.00241
курс;0.000724;0.13465;9.7e-05
курсы;0.000362;0.613817;0.000222
кутиков;0.000362;0.592122;0.000214
ласло;0.000362;6.658211;0.00241
лернера;0.000362;6.658211;0.00241
лидер;0.000362;5.073249;0.001837
лицу;0.000724;0.592122;0.000429
локальный;0.000362;4.073249;0.001475
лучшие;0.000362;0.014355;5e-06
люди;0.000362;3.488286;0.001263
мб;0.000362;6.658211;0.00241
мвт;0.000362;6.658211;0.00241
майк;0.000362;6.658211;0.00241
майком;0.000362;6.658211;0.00241
майнинг;0.000724;0.014355;1e-05
макглоун;0.000362;6.658211;0.00241
макс;0.000362;0.658211;0.000238
максимальная;0.000362;0.80023;0.00029
максимальное;0.000724;0.592122;0.000429
максимальный;0.000724;0.635844;0.00046
малми;0.000362;6.658211;0.00241
марти;0.000362;6.658211;0.00241
маска;0.000362;5.073249;0.001837
массачусетского;0.000362;6.658211;0.00241
мгновенные;0.000724;0.570749;0.000413
медленно;0.000362;0.028855;1e-05
медленное;0.000362;6.658211;0.00241
международная;0.000362;5.658211;0.002048
мероприятия;0.000362;0.028855;1e-05
мин;0.000724;0.658211;0.000477
минимальный;0.000362;3.850857;0.001394
многие;0.000724;1.658211;0.001201
многое;0.000362;4.073249;0.001475
мобильные;0.000724;3.658211;0.002649
мобильный;0.000362;3.19878;0.001158
монета;0.000724;0.215268;0.000156
монету;0.000724;2.265894;0.001641
монеты;0.000724;0.014355;1e-05
мониторинг;0.000362;0.028855;1e-05
моя;0.000362;0.592122;0.000214
мультимиллионер;0.000362;6.658211;0.00241
мультиподписи;0.000724;3.488286;0.002526
мы;0.000362;0.028855;1e-05
наиболее;0.000362;2.13465;0.000773
наименьшая;0.000362;5.658211;0.002048
накамото;0.000362;4.336283;0.00157
научись;0.000362;0.613817;0.000222
начало;0.000362;3.488286;0.001263
начать;0.000362;0.468387;0.00017
невысокая;0.000362;6.658211;0.00241
некастодиальные;0.000724;0.014355;1e-05
некастодиальный;0.000362;3.488286;0.001263
нет;0.000724;1.658211;0.001201
ник;0.000362;6.658211;0.00241
нил;0.000362;6.658211;0.00241
новая;0.000362;3.073249;0.001113
новичок;0.000362;0.592122;0.000214
новое;0.000362;0.468387;0.00017
новости;0.000724;0.014355;1e-05
новые;0.000724;0.014355;1e-05
обеспечение;0.000362;2.265894;0.00082
обзор;0.000724;0.043502;3.1e-05
обмен;0.000724;0.391425;0.000283
обменник;0.000724;0.028855;2.1e-05
обменники;0.000724;0.014355;1e-05
обменять;0.000362;2.488286;0.000901
обновление;0.000362;0.429393;0.000155
оборот;0.000362;2.751321;0.000996
обратная;0.000362;0.014355;5e-06
обсудить;0.000362;3.336283;0.001208
обсуждения;0.000362;5.658211;0.002048
общая;0.000724;0.549687;0.000398
объем;0.000724;0.028855;2.1e-05
объём;0.000362;0.028855;1e-05
ограниченная;0.000724;5.073249;0.003673
одно;0.000362;3.850857;0.001394
оксманразработчики;0.000362;6.658211;0.00241
он;0.000724;1.300659;0.000942
она;0.000724;1.751321;0.001268
они;0.000724;1.528928;0.001107
онлайн;0.000724;0.014355;1e-05
оно;0.000724;3.488286;0.002526
операция;0.000362;4.336283;0.00157
оплата;0.000724;4.658211;0.003373
организациям;0.000362;5.073249;0.001837
основатель;0.000362;2.751321;0.000996
основное;0.000362;0.528928;0.000191
особенности;0.000724;2.265894;0.001641
оставить;0.000724;0.658211;0.000477
ответить;0.000362;3.658211;0.001324
отвечаем;0.000362;0.028855;1e-05
отели;0.000362;0.028855;1e-05
отзывы;0.000724;0.014355;1e-05
отличительные;0.000362;3.488286;0.001263
отправитель;0.000724;4.658211;0.003373
палихапития;0.000362;6.658211;0.00241
партнеры;0.000362;5.073249;0.001837
первая;0.000724;2.850857;0.002064
переводы;0.000724;3.336283;0.002415
перейти;0.000362;0.549687;0.000199
петр;0.000362;6.658211;0.00241
питером;0.000362;6.658211;0.00241
повышенная;0.000362;6.658211;0.00241
поделиться;0.000362;0.043502;1.6e-05
подписи;0.000724;4.658211;0.003373
подскажите;0.000362;0.613817;0.000222
пожаловаться;0.000362;0.028855;1e-05
поиск;0.000362;3.073249;0.001113
показатель;0.000724;0.429393;0.000311
покупаем;0.000362;0.613817;0.000222
покупайте;0.000362;3.19878;0.001158
покупка;0.000362;0.014355;5e-06
покупку;0.000362;2.957772;0.001071
политике;0.000362;0.028855;1e-05
полная;0.000362;4.073249;0.001475
полное;0.000362;0.028855;1e-05
полностью;0.000724;0.448758;0.000325
получи;0.000724;0.508464;0.000368
пользователи;0.000724;1.528928;0.001107
пользователь;0.000724;1.704015;0.001234
пользователю;0.000362;3.073249;0.001113
помлиано;0.000362;6.658211;0.00241
помню;0.000362;0.592122;0.000214
попробовал;0.000362;0.613817;0.000222
популярное;0.000362;0.570749;0.000207
популярность;0.000724;2.13465;0.001545
популярные;0.000724;2.658211;0.001925
последние;0.000724;0.028855;2.1e-05
последний;0.000362;3.850857;0.001394
потенциал;0.000362;0.391425;0.000142
поторговал;0.000362;0.613817;0.000222
почему;0.000362;0.410284;0.000149
почти;0.000724;2.658211;0.001925
появление;0.000362;3.488286;0.001263
правилах;0.000362;0.028855;1e-05
предпринимателипредусмотрена;0.000362;6.658211;0.00241
предстоящие;0.000724;0.592122;0.000429
преимущества;0.000362;2.265894;0.00082
прибыль;0.000724;1.850857;0.00134
прием;0.000362;5.073249;0.001837
прикупил;0.000362;0.613817;0.000222
пример;0.000724;0.488286;0.000354
принимается;0.000362;4.658211;0.001686
принцип;0.000362;2.336283;0.000846
приобрести;0.000362;2.658211;0.000962
приобретение;0.000362;5.073249;0.001837
присоединиться;0.000362;5.658211;0.002048
проверить;0.000362;0.028855;1e-05
проводимые;0.000362;6.658211;0.00241
прогноз;0.000362;1.103623;0.0004
прогнозы;0.000724;0.014355;1e-05
прогнозыпрогноз;0.000362;0.028855;1e-05
программист;0.000724;4.336283;0.003139
программистыулучшение;0.000362;6.658211;0.00241
продать;0.000724;2.014355;0.001458
проект;0.000724;1.410284;0.001021
пройди;0.000362;3.658211;0.001324
пройти;0.000362;1.80023;0.000652
простые;0.000362;4.336283;0.00157
протасов;0.000362;0.592122;0.000214
процентов;0.000362;1.528928;0.000553
прочитал;0.000362;0.613817;0.000222
прошлый;0.000362;5.658211;0.002048
ракета;0.000362;0.613817;0.000222
разветвление;0.000724;6.658211;0.004821
раздача;0.000362;0.028855;1e-05
разделы;0.000362;0.028855;1e-05
размер;0.000724;2.488286;0.001802
разработка;0.000724;0.468387;0.000339
разработчик;0.000724;0.448758;0.000325
райтученый;0.000362;6.658211;0.00241
ранее;0.000362;3.336283;0.001208
раннее;0.000362;6.658211;0.00241
расходы;0.000724;5.073249;0.003673
регистрация;0.000724;0.014355;1e-05
регулирование;0.000362;0.014355;5e-06
регуляторы;0.000362;4.336283;0.00157
редакция;0.000362;0.028855;1e-05
резерв;0.000362;3.336283;0.001208
рейтинг;0.000362;0.028855;1e-05
рейтингивсе;0.000362;0.028855;1e-05
рекламодателям;0.000362;0.028855;1e-05
ресурс;0.000362;0.028855;1e-05
решение;0.000724;2.850857;0.002064
роберт;0.000362;3.658211;0.001324
роджер;0.000362;6.658211;0.00241
россии;0.000362;0.014355;5e-06
российская;0.000362;5.658211;0.002048
рузвельта;0.000362;6.658211;0.00241
руководитель;0.000362;3.073249;0.001113
ручной;0.000362;0.613817;0.000222
рынки;0.000362;0.570749;0.000207
рыночная;0.000724;0.028855;2.1e-05
сми;0.000362;3.488286;0.001263
снг;0.000362;5.658211;0.002048
сша;0.000362;0.429393;0.000155
сабо;0.000362;6.658211;0.00241
сабоученый;0.000362;6.658211;0.00241
сайт;0.000724;0.014355;1e-05
самые;0.000362;0.014355;5e-06
сатоши;0.000724;4.073249;0.002949
сбережение;0.000362;4.336283;0.00157
сервис;0.000724;2.336283;0.001691
серхио;0.000362;6.658211;0.00241
сеть;0.000724;1.80023;0.001303
сириус;0.000362;6.658211;0.00241
скачать;0.000362;3.336283;0.001208
сколько;0.000724;0.354431;0.000257
скорость;0.000724;1.903324;0.001378
словения;0.000362;6.658211;0.00241
сложность;0.000724;3.073249;0.002225
сначала;0.000362;3.336283;0.001208
снижаются;0.000362;5.073249;0.001837
сова;0.000362;0.613817;0.000222
совсем;0.000362;0.549687;0.000199
согласие;0.000362;0.028855;1e-05
соло;0.000724;0.592122;0.000429
сообщество;0.000724;2.850857;0.002064
сотрудничество;0.000362;4.073249;0.001475
специально;0.000362;0.570749;0.000207
список;0.000724;0.028855;2.1e-05
способы;0.000362;2.19878;0.000796
средняя;0.000724;4.073249;0.002949
ссылки;0.000362;0.592122;0.000214
ставки;0.000362;0.014355;5e-06
стандарт;0.000362;0.028855;1e-05
стать;0.000362;2.410284;0.000873
статьи;0.000724;0.028855;2.1e-05
стивен;0.000362;6.658211;0.00241
стоит;0.000724;0.265894;0.000193
стоуна;0.000362;6.658211;0.00241
сумма;0.000362;3.488286;0.001263
топ;0.000724;0.014355;1e-05
такие;0.000724;0.166358;0.00012
текущие;0.000362;0.528928;0.000191
текущий;0.000362;2.570749;0.000931
телеграм;0.000362;0.028855;1e-05
тестовая;0.000362;5.658211;0.002048
технология;0.000724;2.13465;0.001545
технологияblockchainдата;0.000362;5.073249;0.001837
тикер;0.000724;4.336283;0.003139
тим;0.000362;6.658211;0.00241
тип;0.000362;2.957772;0.001071
тогда;0.000362;2.957772;0.001071
том;0.000724;0.336283;0.000243
томом;0.000362;0.592122;0.000214
торговать;0.000362;0.354431;0.000128
торговля;0.000724;0.014355;1e-05
торгуйте;0.000362;3.19878;0.001158
траммеламериканский;0.000362;6.658211;0.00241
транзакции;0.000724;1.751321;0.001268
транзакция;0.000724;3.850857;0.002788
трейдер;0.000724;3.488286;0.002526
трейдинг;0.000362;2.570749;0.000931
трофим;0.000362;0.592122;0.000214
турецкие;0.000362;0.028855;1e-05
уведомления;0.000362;0.028855;1e-05
узнай;0.000362;0.658211;0.000238
украинские;0.000362;0.028855;1e-05
улучшение;0.000362;5.073249;0.001837
упрощая;0.000362;6.658211;0.00241
условия;0.000724;0.014355;1e-05
участники;0.000724;2.410284;0.001745
участок;0.000362;0.028855;1e-05
учитывая;0.000724;3.336283;0.002415
фрс;0.000362;5.073249;0.001837
финансовый;0.000362;3.850857;0.001394
финни;0.000362;6.658211;0.00241
форум;0.000724;0.014355;1e-05
франклина;0.000362;6.658211;0.00241
ханец;0.000362;6.658211;0.00241
характеристикаинформация;0.000362;6.658211;0.00241
характеристики;0.000724;2.073249;0.001501
хешрейт;0.000362;4.658211;0.001686
хирном;0.000362;6.658211;0.00241
хэл;0.000362;6.658211;0.00241
хэш;0.000724;5.658211;0.004097
ца;0.000362;5.658211;0.002048
цель;0.000362;0.429393;0.000155
цена;0.000724;0.028855;2.1e-05
циркулирующее;0.000362;6.658211;0.00241
циркуляция;0.000362;0.658211;0.000238
чамат;0.000362;6.658211;0.00241
чандлер;0.000362;6.658211;0.00241
чарли;0.000362;5.658211;0.002048
чарльз;0.000362;4.073249;0.001475
частные;0.000362;3.850857;0.001394
часто;0.000724;1.19878;0.000868
число;0.000362;3.073249;0.001113
читать;0.000362;0.613817;0.000222
шанхай;0.000362;0.570749;0.000207
швейцария;0.000362;5.658211;0.002048
ши;0.000362;0.613817;0.000222
широкий;0.000362;4.658211;0.001686
широко;0.000362;4.336283;0.00157
шиффом;0.000362;6.658211;0.00241
шнорра;0.000362;6.658211;0.00241
шрем;0.000362;6.658211;0.00241
эксперимент;0.000362;0.028855;1e-05
эксперт;0.000362;3.850857;0.001394
эксперты;0.000724;0.028855;2.1e-05
электронные;0.000724;6.658211;0.004821
эмиссия;0.000724;2.570749;0.001861
эммер;0.000362;0.570749;0.000207
эндрю;0.000362;6.658211;0.00241
этот;0.000724;0.248821;0.00018
эту;0.000362;3.19878;0.001158
эфира;0.000362;3.658211;0.001324
эфире;0.000362;0.570749;0.000207
эфириум;0.000362;0.014355;5e-06
юр;0.000362;0.028855;1e-05
юридическая;0.000362;0.014355;5e-06
юфу;0.000362;6.658211;0.00241
янв;0.000362;5.073249;0.001837
янгом;0.000362;0.592122;0.000214
яндекс;0.000362;0.028855;1e-05
япония;0.000362;5.073249;0.001837
японские;0.000362;0.028855;1e-05
аббревиатурой;0.000362;6.658211;0.00241
август;0.000362;3.658211;0.001324
августа;0.000362;3.850857;0.001394
августе;0.000362;3.073249;0.001113
августу;0.000362;5.073249;0.001837
авто;0.000362;0.028855;1e-05
автоматически;0.000362;2.658211;0.000962
авторизация;0.000362;6.658211;0.00241
авторству;0.000362;6.658211;0.00241
адрес;0.000362;4.336283;0.00157
адреса;0.000362;0.028855;1e-05
актив;0.000362;0.166358;6e-05
активировать;0.000362;5.658211;0.002048
активы;0.000362;1.372809;0.000497
акции;0.000362;0.549687;0.000199
акций;0.000362;0.549687;0.000199
алгоритме;0.000362;3.658211;0.001324
альтернативой;0.000362;4.073249;0.001475
альткоиныволатильныепривязанная;0.000362;0.028855;1e-05
аналитиков;0.000362;3.073249;0.001113
английском;0.000362;6.658211;0.00241
англоязычной;0.000362;6.658211;0.00241
анкете;0.000362;6.658211;0.00241
анонимен;0.000362;5.658211;0.002048
анонимность;0.000362;4.336283;0.00157
аппаратов;0.000362;6.658211;0.00241
апреля;0.000362;0.508464;0.000184
арбитража;0.000362;0.028855;1e-05
архитектуру;0.000362;5.658211;0.002048
ассоциация;0.000362;6.658211;0.00241
базе;0.000362;2.658211;0.000962
базовые;0.000362;4.073249;0.001475
баланс;0.000362;0.028855;1e-05
баланса;0.000362;5.073249;0.001837
банк;0.000362;4.658211;0.001686
банков;0.000362;2.658211;0.000962
банковских;0.000362;3.19878;0.001158
банкоматах;0.000362;6.658211;0.00241
банкоматов;0.000362;6.658211;0.00241
безопасности;0.000362;3.073249;0.001113
безопасные;0.000362;4.073249;0.001475
безопасный;0.000362;4.336283;0.00157
берет;0.000362;5.073249;0.001837
бесплатны;0.000362;0.613817;0.000222
бизнес;0.000362;3.336283;0.001208
биржам;0.000362;4.073249;0.001475
биржах;0.000362;0.014355;5e-06
бирже;0.000362;0.318361;0.000115
биржукнига;0.000362;0.028855;1e-05
битка;0.000362;6.658211;0.00241
биткоинаблокчейн;0.000362;0.028855;1e-05
биткоинами;0.000362;0.028855;1e-05
биткоинов;0.000362;2.957772;0.001071
ближайшим;0.000362;6.658211;0.00241
блогах;0.000362;0.592122;0.000214
блока;0.000362;2.570749;0.000931
блоке;0.000362;6.658211;0.00241
блоки;0.000362;3.488286;0.001263
блокировка;0.000362;6.658211;0.00241
блокировке;0.000362;6.658211;0.00241
блоков;0.000362;2.265894;0.00082
блоком;0.000362;6.658211;0.00241
блокчейна;0.000362;0.150417;5.4e-05
блокчейне;0.000362;0.103623;3.8e-05
блокчейнов;0.000362;1.903324;0.000689
богатого;0.000362;0.613817;0.000222
более;0.000362;0.13465;4.9e-05
больший;0.000362;5.073249;0.001837
большинства;0.000362;3.336283;0.001208
большую;0.000362;0.410284;0.000149
бороться;0.000362;5.073249;0.001837
будет;0.000362;0.231947;8.4e-05
будут;0.000362;2.073249;0.000751
букв;0.000362;6.658211;0.00241
бумаг;0.000362;5.658211;0.002048
бухгалтерский;0.000362;6.658211;0.00241
бывает;0.000362;0.570749;0.000207
были;0.000362;2.13465;0.000773
было;0.000362;2.410284;0.000873
быстрее;0.000362;3.19878;0.001158
быстрого;0.000362;3.658211;0.001324
быстрые;0.000362;1.488286;0.000539
быстрых;0.000362;3.488286;0.001263
быть;0.000362;1.658211;0.0006
бычье;0.000362;3.336283;0.001208
бычьи;0.000362;6.658211;0.00241
бюрократию;0.000362;5.658211;0.002048
валюта;0.000362;2.073249;0.000751
валютам;0.000362;0.876852;0.000317
валюты;0.000362;1.613817;0.000584
вам;0.000362;0.592122;0.000214
вверх;0.000362;0.613817;0.000222
вводят;0.000362;5.073249;0.001837
велась;0.000362;5.658211;0.002048
венчурной;0.000362;6.658211;0.00241
верификации;0.000362;0.014355;5e-06
верификацию;0.000362;4.073249;0.001475
вернется;0.000362;5.658211;0.002048
вернули;0.000362;6.658211;0.00241
вероятное;0.000362;6.658211;0.00241
вероятность;0.000362;3.336283;0.001208
версии;0.000362;3.19878;0.001158
версию;0.000362;3.073249;0.001113
версия;0.000362;0.570749;0.000207
весной;0.000362;5.073249;0.001837
весь;0.000362;3.336283;0.001208
взимают;0.000362;5.073249;0.001837
взяв;0.000362;0.613817;0.000222
вид;0.000362;3.850857;0.001394
виде;0.000362;2.570749;0.000931
видеокарт;0.000362;5.073249;0.001837
видеокарте;0.000362;0.592122;0.000214
вкладов;0.000362;4.658211;0.001686
вкладывать;0.000362;3.336283;0.001208
включают;0.000362;0.570749;0.000207
включен;0.000362;6.658211;0.00241
владелец;0.000362;3.488286;0.001263
владельцев;0.000362;4.336283;0.00157
владении;0.000362;0.658211;0.000238
владения;0.000362;3.850857;0.001394
влияет;0.000362;2.073249;0.000751
влияют;0.000362;1.957772;0.000709
вложение;0.000362;4.073249;0.001475
вложений;0.000362;2.336283;0.000846
вложить;0.000362;0.528928;0.000191
внедрен;0.000362;4.336283;0.00157
внедрена;0.000362;5.658211;0.002048
внедрены;0.000362;5.073249;0.001837
внедрили;0.000362;4.658211;0.001686
внедрят;0.000362;5.658211;0.002048
внес;0.000362;5.658211;0.002048
внесения;0.000362;4.658211;0.001686
внесенной;0.000362;6.658211;0.00241
внесены;0.000362;6.658211;0.00241
внести;0.000362;4.073249;0.001475
внешних;0.000362;3.850857;0.001394
вносят;0.000362;5.073249;0.001837
вносятся;0.000362;4.658211;0.001686
возглавил;0.000362;3.488286;0.001263
возможностью;0.000362;0.508464;0.000184
возможностям;0.000362;3.073249;0.001113
вознаграждения;0.000362;3.19878;0.001158
возникали;0.000362;5.658211;0.002048
возраста;0.000362;6.658211;0.00241
возросшей;0.000362;5.658211;0.002048
волатильности;0.000362;2.658211;0.000962
волатильностью;0.000362;3.336283;0.001208
вопрос;0.000362;0.028855;1e-05
вопросам;0.000362;0.028855;1e-05
вопросами;0.000362;5.658211;0.002048
вопросов;0.000362;3.488286;0.001263
восстановить;0.000362;6.658211;0.00241
востребования;0.000362;6.658211;0.00241
впервые;0.000362;4.073249;0.001475
вполне;0.000362;5.658211;0.002048
времени;0.000362;0.166358;6e-05
время;0.000362;0.19878;7.2e-05
всей;0.000362;3.658211;0.001324
всех;0.000362;0.073249;2.7e-05
встроенной;0.000362;0.592122;0.000214
всякий;0.000362;0.613817;0.000222
вторая;0.000362;3.658211;0.001324
входит;0.000362;2.850857;0.001032
входом;0.000362;6.658211;0.00241
выбирает;0.000362;4.073249;0.001475
выбранного;0.000362;4.073249;0.001475
выводом;0.000362;0.028855;1e-05
выгодная;0.000362;3.488286;0.001263
выгодной;0.000362;3.19878;0.001158
выгодные;0.000362;0.570749;0.000207
выгодным;0.000362;5.073249;0.001837
выделять;0.000362;6.658211;0.00241
выделяют;0.000362;5.073249;0.001837
вызывают;0.000362;4.658211;0.001686
выкладывают;0.000362;6.658211;0.00241
выкупе;0.000362;0.592122;0.000214
выплатить;0.000362;5.658211;0.002048
выплачиваемые;0.000362;6.658211;0.00241
выполняет;0.000362;3.658211;0.001324
выполнять;0.000362;3.488286;0.001263
выполняют;0.000362;2.658211;0.000962
выпуск;0.000362;2.570749;0.000931
выпуска;0.000362;0.592122;0.000214
выпустил;0.000362;5.073249;0.001837
выпустить;0.000362;0.635844;0.00023
выпущено;0.000362;0.508464;0.000184
выпущены;0.000362;4.073249;0.001475
выразить;0.000362;6.658211;0.00241
вырастет;0.000362;3.336283;0.001208
вырасти;0.000362;3.850857;0.001394
вырос;0.000362;3.073249;0.001113
высказалась;0.000362;6.658211;0.00241
высокие;0.000362;3.488286;0.001263
высокий;0.000362;3.073249;0.001113
высоких;0.000362;5.658211;0.002048
высокой;0.000362;2.073249;0.000751
высоколиквидная;0.000362;6.658211;0.00241
высокую;0.000362;3.19878;0.001158
выступает;0.000362;3.073249;0.001113
выступил;0.000362;6.658211;0.00241
выхода;0.000362;4.073249;0.001475
вычислительной;0.000362;5.658211;0.002048
вычислительную;0.000362;6.658211;0.00241
вычислительные;0.000362;5.073249;0.001837
выше;0.000362;0.283172;0.000103
вышла;0.000362;5.658211;0.002048
г;0.000362;0.680932;0.000246
газета;0.000362;6.658211;0.00241
генерации;0.000362;3.488286;0.001263
генерация;0.000362;4.073249;0.001475
генерировалось;0.000362;6.658211;0.00241
генерировать;0.000362;3.658211;0.001324
генерирует;0.000362;4.658211;0.001686
геолокации;0.000362;0.028855;1e-05
гибким;0.000362;5.073249;0.001837
главной;0.000362;2.570749;0.000931
год;0.000362;0.336283;0.000122
года;0.000362;0.354431;0.000128
годавсе;0.000362;0.028855;1e-05
годапрогноз;0.000362;0.028855;1e-05
годами;0.000362;5.658211;0.002048
году;0.000362;0.043502;1.6e-05
годы;0.000362;3.850857;0.001394
граждан;0.000362;5.658211;0.002048
границу;0.000362;6.658211;0.00241
графика;0.000362;0.613817;0.000222
групп;0.000362;5.073249;0.001837
группа;0.000362;5.073249;0.001837
грядущего;0.000362;6.658211;0.00241
грязной;0.000362;0.592122;0.000214
далее;0.000362;0.391425;0.000142
дальнейшего;0.000362;4.073249;0.001475
дальнейшем;0.000362;5.073249;0.001837
дальнейший;0.000362;4.073249;0.001475
данные;0.000362;0.014355;5e-06
данных;0.000362;0.028855;1e-05
дата;0.000362;0.876852;0.000317
дату;0.000362;3.336283;0.001208
даты;0.000362;4.336283;0.00157
две;0.000362;0.592122;0.000214
движок;0.000362;3.19878;0.001158
двойного;0.000362;6.658211;0.00241
двойной;0.000362;5.658211;0.002048
действия;0.000362;0.372809;0.000135
декабре;0.000362;3.488286;0.001263
декабря;0.000362;4.073249;0.001475
делает;0.000362;2.751321;0.000996
делать;0.000362;0.488286;0.000177
демо;0.000362;0.028855;1e-05
денежных;0.000362;3.850857;0.001394
день;0.000362;0.528928;0.000191
деривативов;0.000362;0.592122;0.000214
десятки;0.000362;3.073249;0.001113
децентрализацией;0.000362;4.658211;0.001686
децентрализация;0.000362;3.850857;0.001394
децентрализован;0.000362;6.658211;0.00241
децентрализованная;0.000362;2.658211;0.000962
децентрализованной;0.000362;2.570749;0.000931
децентрализованную;0.000362;4.336283;0.00157
децентрализованных;0.000362;1.751321;0.000634
дешевле;0.000362;4.073249;0.001475
дешевые;0.000362;5.073249;0.001837
диапазоне;0.000362;0.613817;0.000222
длительных;0.000362;5.073249;0.001837
дн;0.000362;0.704015;0.000255
дней;0.000362;0.043502;1.6e-05
дня;0.000362;0.570749;0.000207
добавляется;0.000362;4.658211;0.001686
добывать;0.000362;4.073249;0.001475
добыты;0.000362;6.658211;0.00241
добычи;0.000362;2.570749;0.000931
добычу;0.000362;4.073249;0.001475
доверять;0.000362;0.570749;0.000207
дойдет;0.000362;6.658211;0.00241
дойти;0.000362;0.613817;0.000222
доказательств;0.000362;5.658211;0.002048
доказательстваpow;0.000362;5.658211;0.002048
доказательстваpowtwitter;0.000362;6.658211;0.00241
доказать;0.000362;5.658211;0.002048
доказывать;0.000362;6.658211;0.00241
документы;0.000362;6.658211;0.00241
долгосрочных;0.000362;5.073249;0.001837
должен;0.000362;2.957772;0.001071
должна;0.000362;3.336283;0.001208
должно;0.000362;4.073249;0.001475
должны;0.000362;0.448758;0.000162
доллара;0.000362;3.488286;0.001263
долларам;0.000362;5.658211;0.002048
долларов;0.000362;2.850857;0.001032
долларусамые;0.000362;0.028855;1e-05
доля;0.000362;3.850857;0.001394
дополнительная;0.000362;6.658211;0.00241
дополнительные;0.000362;0.508464;0.000184
допустима;0.000362;6.658211;0.00241
дорогиелучшие;0.000362;0.028855;1e-05
дорогостоящих;0.000362;6.658211;0.00241
дорожной;0.000362;4.658211;0.001686
дословно;0.000362;6.658211;0.00241
достаточно;0.000362;2.751321;0.000996
достигается;0.000362;0.592122;0.000214
достижения;0.000362;3.336283;0.001208
доступе;0.000362;5.073249;0.001837
доступна;0.000362;2.850857;0.001032
доступность;0.000362;4.336283;0.00157
доступны;0.000362;2.336283;0.000846
доступных;0.000362;0.549687;0.000199
дохода;0.000362;2.957772;0.001071
драгметаллов;0.000362;5.658211;0.002048
драгметаллом;0.000362;5.658211;0.002048
дробится;0.000362;5.658211;0.002048
друг;0.000362;0.488286;0.000177
другие;0.000362;1.265894;0.000458
другими;0.000362;2.19878;0.000796
других;0.000362;0.150417;5.4e-05
другому;0.000362;5.658211;0.002048
евро;0.000362;0.182478;6.6e-05
единиц;0.000362;2.957772;0.001071
единица;0.000362;3.850857;0.001394
единой;0.000362;5.073249;0.001837
единственная;0.000362;3.850857;0.001394
ему;0.000362;3.658211;0.001324
ждет;0.000362;0.549687;0.000199
жесткие;0.000362;6.658211;0.00241
журналисты;0.000362;5.658211;0.002048
заблокирована;0.000362;0.592122;0.000214
забыл;0.000362;5.658211;0.002048
завершают;0.000362;6.658211;0.00241
зависеть;0.000362;4.658211;0.001686
зависимости;0.000362;0.528928;0.000191
зависит;0.000362;1.613817;0.000584
зависящие;0.000362;0.028855;1e-05
загружать;0.000362;6.658211;0.00241
задаваемые;0.000362;1.372809;0.000497
задает;0.000362;5.658211;0.002048
заданий;0.000362;5.073249;0.001837
задающий;0.000362;6.658211;0.00241
заключается;0.000362;0.528928;0.000191
законодательства;0.000362;4.658211;0.001686
законодательство;0.000362;5.658211;0.002048
закрыл;0.000362;5.658211;0.002048
занимает;0.000362;2.265894;0.00082
занимается;0.000362;4.073249;0.001475
заниматься;0.000362;3.488286;0.001263
занимающаяся;0.000362;6.658211;0.00241
занимающейся;0.000362;5.073249;0.001837
занимающиеся;0.000362;5.073249;0.001837
занимающийся;0.000362;6.658211;0.00241
заняться;0.000362;5.073249;0.001837
записана;0.000362;5.658211;0.002048
записывались;0.000362;6.658211;0.00241
записывание;0.000362;6.658211;0.00241
записываются;0.000362;4.658211;0.001686
запись;0.000362;0.570749;0.000207
запланированное;0.000362;6.658211;0.00241
запланированные;0.000362;5.073249;0.001837
запланировано;0.000362;5.658211;0.002048
запрашивает;0.000362;0.613817;0.000222
запуск;0.000362;3.073249;0.001113
запуска;0.000362;2.13465;0.000773
запустил;0.000362;5.073249;0.001837
запущены;0.000362;5.073249;0.001837
запятой;0.000362;4.658211;0.001686
зарабатывайте;0.000362;3.19878;0.001158
заработка;0.000362;2.336283;0.000846
зарегистрировалась;0.000362;0.613817;0.000222
зарегистрировать;0.000362;6.658211;0.00241
зарождении;0.000362;6.658211;0.00241
затрат;0.000362;4.073249;0.001475
затраты;0.000362;5.658211;0.002048
затягивается;0.000362;6.658211;0.00241
зафискировался;0.000362;0.570749;0.000207
захочет;0.000362;6.658211;0.00241
зачастую;0.000362;5.073249;0.001837
зачисляются;0.000362;6.658211;0.00241
защита;0.000362;3.488286;0.001263
защите;0.000362;6.658211;0.00241
защититься;0.000362;0.570749;0.000207
защиту;0.000362;3.488286;0.001263
защиты;0.000362;4.073249;0.001475
защищены;0.000362;0.028855;1e-05
заявку;0.000362;4.658211;0.001686
заявления;0.000362;4.073249;0.001475
звено;0.000362;6.658211;0.00241
земли;0.000362;0.028855;1e-05
знаешь;0.000362;4.336283;0.00157
знаков;0.000362;4.336283;0.00157
знал;0.000362;6.658211;0.00241
знать;0.000362;3.658211;0.001324
значение;0.000362;1.372809;0.000497
значения;0.000362;3.658211;0.001324
значительным;0.000362;4.336283;0.00157
золота;0.000362;4.073249;0.001475
золотомнаименее;0.000362;0.028855;1e-05
зоне;0.000362;0.613817;0.000222
зрения;0.000362;3.19878;0.001158
играйте;0.000362;3.19878;0.001158
игрыигры;0.000362;0.028855;1e-05
идеи;0.000362;2.957772;0.001071
идет;0.000362;3.850857;0.001394
известен;0.000362;4.658211;0.001686
известно;0.000362;4.336283;0.00157
известный;0.000362;4.336283;0.00157
известных;0.000362;3.073249;0.001113
изменен;0.000362;5.658211;0.002048
изменений;0.000362;4.073249;0.001475
изменению;0.000362;5.073249;0.001837
изменили;0.000362;5.658211;0.002048
изменился;0.000362;4.658211;0.001686
изменить;0.000362;3.073249;0.001113
изучается;0.000362;5.658211;0.002048
имеет;0.000362;1.658211;0.0006
имени;0.000362;4.336283;0.00157
имя;0.000362;4.658211;0.001686
инвестирования;0.000362;0.354431;0.000128
инвестировать;0.000362;0.336283;0.000122
инвестируя;0.000362;5.073249;0.001837
инвестиций;0.000362;0.248821;9e-05
инвесторов;0.000362;1.704015;0.000617
инвесторы;0.000362;0.014355;5e-06
индустрии;0.000362;3.488286;0.001263
инициативе;0.000362;6.658211;0.00241
инициативу;0.000362;6.658211;0.00241
инновации;0.000362;4.658211;0.001686
инновационная;0.000362;5.658211;0.002048
иногда;0.000362;2.850857;0.001032
инсайдеров;0.000362;0.658211;0.000238
института;0.000362;6.658211;0.00241
институтов;0.000362;5.658211;0.002048
институциональных;0.000362;5.073249;0.001837
интеграция;0.000362;4.658211;0.001686
интегрироваться;0.000362;6.658211;0.00241
интересы;0.000362;0.028855;1e-05
интернета;0.000362;0.549687;0.000199
интерфейс;0.000362;0.528928;0.000191
инфляции;0.000362;0.488286;0.000177
инфляцию;0.000362;5.073249;0.001837
инфляция;0.000362;5.073249;0.001837
информатики;0.000362;6.658211;0.00241
информации;0.000362;2.410284;0.000873
информационным;0.000362;0.028855;1e-05
информацию;0.000362;2.336283;0.000846
информация;0.000362;0.336283;0.000122
исключает;0.000362;4.658211;0.001686
исключит;0.000362;6.658211;0.00241
использовал;0.000362;5.658211;0.002048
использования;0.000362;0.028855;1e-05
использовать;0.000362;1.528928;0.000553
используемый;0.000362;4.658211;0.001686
использует;0.000362;0.028855;1e-05
используют;0.000362;1.80023;0.000652
используя;0.000362;3.488286;0.001263
исправить;0.000362;5.658211;0.002048
исследователи;0.000362;5.073249;0.001837
источником;0.000362;5.658211;0.002048
исходила;0.000362;6.658211;0.00241
исходным;0.000362;4.336283;0.00157
исчез;0.000362;6.658211;0.00241
их;0.000362;0.073249;2.7e-05
июль;0.000362;3.19878;0.001158
июля;0.000362;3.336283;0.001208
йобите;0.000362;0.613817;0.000222
каждая;0.000362;4.336283;0.00157
казино;0.000362;0.014355;5e-06
какая;0.000362;0.488286;0.000177
каких;0.000362;0.028855;1e-05
канал;0.000362;4.658211;0.001686
каналы;0.000362;0.028855;1e-05
капитал;0.000362;4.073249;0.001475
карт;0.000362;5.073249;0.001837
картами;0.000362;5.658211;0.002048
карты;0.000362;3.488286;0.001263
качестве;0.000362;2.265894;0.00082
клиент;0.000362;5.073249;0.001837
клиентам;0.000362;0.468387;0.00017
ключей;0.000362;5.073249;0.001837
ключи;0.000362;4.073249;0.001475
книгу;0.000362;3.19878;0.001158
код;0.000362;2.751321;0.000996
кодgithub;0.000362;3.488286;0.001263
коде;0.000362;0.528928;0.000191
кодом;0.000362;4.073249;0.001475
коина;0.000362;2.957772;0.001071
коине;0.000362;0.592122;0.000214
коинов;0.000362;2.265894;0.00082
коины;0.000362;2.957772;0.001071
колебания;0.000362;3.19878;0.001158
количества;0.000362;1.410284;0.000511
количеством;0.000362;0.549687;0.000199
коллективного;0.000362;6.658211;0.00241
комиссией;0.000362;0.028855;1e-05
комиссии;0.000362;2.13465;0.000773
комиссиипользователь;0.000362;6.658211;0.00241
комиссий;0.000362;2.751321;0.000996
комиссию;0.000362;0.429393;0.000155
комиссия;0.000362;0.488286;0.000177
комиссиями;0.000362;0.528928;0.000191
компании;0.000362;1.957772;0.000709
компаний;0.000362;2.658211;0.000962
компания;0.000362;2.265894;0.00082
компаниями;0.000362;3.488286;0.001263
компромиссы;0.000362;6.658211;0.00241
компьютерная;0.000362;6.658211;0.00241
компьютеры;0.000362;5.073249;0.001837
конвертации;0.000362;3.658211;0.001324
конкретная;0.000362;6.658211;0.00241
конкретного;0.000362;6.658211;0.00241
конкретных;0.000362;4.658211;0.001686
консенсуса;0.000362;2.19878;0.000796
контрактов;0.000362;0.231947;8.4e-05
контракты;0.000362;2.336283;0.000846
контролировали;0.000362;6.658211;0.00241
контролируется;0.000362;5.658211;0.002048
конфиденциальности;0.000362;0.014355;5e-06
конфиденциальность;0.000362;0.549687;0.000199
конфискации;0.000362;6.658211;0.00241
координацию;0.000362;6.658211;0.00241
копирование;0.000362;0.028855;1e-05
корпорации;0.000362;4.658211;0.001686
корпорациями;0.000362;6.658211;0.00241
корректности;0.000362;6.658211;0.00241
коррекции;0.000362;4.336283;0.00157
коррекция;0.000362;0.570749;0.000207
корреляция;0.000362;5.658211;0.002048
корреспондент;0.000362;6.658211;0.00241
которая;0.000362;1.80023;0.000652
которое;0.000362;0.528928;0.000191
которой;0.000362;2.014355;0.000729
котором;0.000362;3.19878;0.001158
которые;0.000362;0.014355;5e-06
который;0.000362;0.19878;7.2e-05
которыми;0.000362;4.073249;0.001475
которых;0.000362;0.248821;9e-05
кошелек;0.000362;2.850857;0.001032
кошелька;0.000362;2.850857;0.001032
кошельке;0.000362;4.658211;0.001686
кошельков;0.000362;2.19878;0.000796
краж;0.000362;6.658211;0.00241
краткосрочных;0.000362;5.073249;0.001837
краху;0.000362;6.658211;0.00241
кризис;0.000362;5.658211;0.002048
крипте;0.000362;0.014355;5e-06
криптобанков;0.000362;0.028855;1e-05
криптобирж;0.000362;3.488286;0.001263
криптобиржах;0.000362;2.19878;0.000796
криптобирже;0.000362;3.19878;0.001158
криптобиржиценаmin;0.000362;0.119053;4.3e-05
криптовалюткакую;0.000362;0.028855;1e-05
криптовалютс;0.000362;0.028855;1e-05
криптовалютатоп;0.000362;0.028855;1e-05
криптовалютам;0.000362;3.19878;0.001158
криптовалютами;0.000362;2.850857;0.001032
криптовалютах;0.000362;0.014355;5e-06
криптовалюте;0.000362;0.014355;5e-06
криптовалютные;0.000362;2.957772;0.001071
криптовалютный;0.000362;3.336283;0.001208
криптовалютным;0.000362;4.073249;0.001475
криптовалютных;0.000362;2.336283;0.000846
криптовалютой;0.000362;0.448758;0.000162
криптовалюту;0.000362;0.014355;5e-06
криптовалютыконкуренты;0.000362;0.028855;1e-05
криптографии;0.000362;4.658211;0.001686
криптографическими;0.000362;5.073249;0.001837
криптографических;0.000362;5.073249;0.001837
криптозадач;0.000362;6.658211;0.00241
криптоинвесторам;0.000362;5.658211;0.002048
криптоинвесторы;0.000362;5.073249;0.001837
криптомонет;0.000362;4.336283;0.00157
криптомонеты;0.000362;3.658211;0.001324
крипторынке;0.000362;2.658211;0.000962
криптоэкономики;0.000362;6.658211;0.00241
криптоэнтузиастов;0.000362;5.073249;0.001837
крипты;0.000362;0.014355;5e-06
критерии;0.000362;3.850857;0.001394
критерию;0.000362;5.073249;0.001837
круглосуточно;0.000362;3.073249;0.001113
крупными;0.000362;4.336283;0.00157
крупных;0.000362;0.336283;0.000122
кто;0.000362;0.448758;0.000162
купил;0.000362;5.658211;0.002048
курса;0.000362;0.014355;5e-06
курсу;0.000362;3.073249;0.001113
лвсе;0.000362;0.704015;0.000255
легко;0.000362;0.528928;0.000191
лежит;0.000362;3.488286;0.001263
лет;0.000362;0.468387;0.00017
лето;0.000362;6.658211;0.00241
летом;0.000362;3.488286;0.001263
лидера;0.000362;5.073249;0.001837
лидируют;0.000362;5.658211;0.002048
лидирующее;0.000362;5.658211;0.002048
ликвидности;0.000362;2.488286;0.000901
ликвидность;0.000362;2.488286;0.000901
ликвидных;0.000362;0.613817;0.000222
лимиты;0.000362;5.658211;0.002048
лиц;0.000362;0.028855;1e-05
лицанастраиваемые;0.000362;6.658211;0.00241
лицензии;0.000362;4.336283;0.00157
личной;0.000362;5.073249;0.001837
личностей;0.000362;5.658211;0.002048
личности;0.000362;3.488286;0.001263
личность;0.000362;4.658211;0.001686
личностьчтобы;0.000362;6.658211;0.00241
личных;0.000362;4.658211;0.001686
ложна;0.000362;6.658211;0.00241
локальная;0.000362;0.613817;0.000222
локальное;0.000362;3.488286;0.001263
лонг;0.000362;0.613817;0.000222
лучший;0.000362;3.658211;0.001324
лучших;0.000362;0.354431;0.000128
любого;0.000362;4.658211;0.001686
любой;0.000362;0.283172;0.000103
любых;0.000362;4.336283;0.00157
людям;0.000362;4.336283;0.00157
м;0.000362;0.570749;0.000207
мusdtusdusdceurgbptusdrubdaijpybusdtryaudusdpcnykrwuahbrlplninrsgdchfpaxcadzargusdltceurssaiidrhkdustthbngnvndphpusdseosdtmyrbrzkztnzdusdkustcqcczktwdethxrpbkrwsekarsaedbidrilsbitcnyxlmidrtbitusdmxndogeusdddkkclpbchhufvairondashcopugxplatcbnbeurtomgxmrwavesusdnccxxbndnprrunepgkhusdpkrzectrybbgnirrveflinkrsdbynmurnadhrkkcszrxbhdnokpengelxafkesdfxtkhrcrctzsghshtusdqomrzusdszlpabmvrkgsjmdlkknanob;0.000362;6.658211;0.00241
магазинов;0.000362;0.028855;1e-05
майнерами;0.000362;5.658211;0.002048
майнеров;0.000362;3.488286;0.001263
майнеры;0.000362;3.336283;0.001208
майнинга;0.000362;0.391425;0.000142
майнинге;0.000362;4.336283;0.00157
майнинговых;0.000362;5.073249;0.001837
майнингом;0.000362;4.658211;0.001686
майнить;0.000362;4.073249;0.001475
майниться;0.000362;5.073249;0.001837
макроэкономических;0.000362;0.613817;0.000222
максимального;0.000362;5.073249;0.001837
максимальные;0.000362;4.658211;0.001686
максимальным;0.000362;0.658211;0.000238
максимумам;0.000362;0.613817;0.000222
маржинальная;0.000362;5.073249;0.001837
маржинальных;0.000362;5.658211;0.002048
маркетинга;0.000362;0.592122;0.000214
маркетплейсы;0.000362;4.658211;0.001686
марта;0.000362;0.014355;5e-06
марте;0.000362;3.850857;0.001394
массива;0.000362;6.658211;0.00241
мастернодылучшие;0.000362;0.028855;1e-05
масштабируемость;0.000362;2.850857;0.001032
масштабируемостью;0.000362;3.850857;0.001394
масштабные;0.000362;5.073249;0.001837
материалов;0.000362;0.028855;1e-05
материалы;0.000362;0.028855;1e-05
мая;0.000362;2.751321;0.000996
мгновенно;0.000362;4.658211;0.001686
мгновенных;0.000362;5.658211;0.002048
медицине;0.000362;6.658211;0.00241
медленнее;0.000362;6.658211;0.00241
международных;0.000362;3.336283;0.001208
менее;0.000362;0.508464;0.000184
меньше;0.000362;2.658211;0.000962
меня;0.000362;0.592122;0.000214
меняется;0.000362;2.751321;0.000996
мере;0.000362;0.592122;0.000214
мероприятий;0.000362;0.028855;1e-05
меры;0.000362;0.592122;0.000214
месяц;0.000362;0.549687;0.000199
методам;0.000362;5.073249;0.001837
методами;0.000362;3.850857;0.001394
методов;0.000362;4.658211;0.001686
методу;0.000362;5.658211;0.002048
методы;0.000362;3.19878;0.001158
механизмы;0.000362;4.336283;0.00157
миллионеров;0.000362;6.658211;0.00241
минимальные;0.000362;4.073249;0.001475
минимальными;0.000362;5.073249;0.001837
мир;0.000362;3.850857;0.001394
мира;0.000362;2.850857;0.001032
мире;0.000362;2.265894;0.00082
мировая;0.000362;6.658211;0.00241
мировых;0.000362;5.073249;0.001837
млн;0.000362;0.028855;1e-05
млнbtc;0.000362;0.028855;1e-05
млнethereumetheth;0.000362;0.028855;1e-05
млрд;0.000362;0.028855;1e-05
мн;0.000362;0.704015;0.000255
мне;0.000362;0.570749;0.000207
мнению;0.000362;3.073249;0.001113
многих;0.000362;1.957772;0.000709
мобильная;0.000362;0.613817;0.000222
могли;0.000362;4.336283;0.00157
могу;0.000362;0.613817;0.000222
могут;0.000362;1.103623;0.0004
модерации;0.000362;3.488286;0.001263
модерацию;0.000362;3.488286;0.001263
модерируемой;0.000362;6.658211;0.00241
модификации;0.000362;5.658211;0.002048
может;0.000362;0.028855;1e-05
можно;0.000362;0.088356;3.2e-05
момент;0.000362;0.488286;0.000177
монет;0.000362;0.014355;5e-06
монете;0.000362;0.658211;0.000238
монетыкатегориитоп;0.000362;0.028855;1e-05
мошенничества;0.000362;3.488286;0.001263
мошенничествацентрализованные;0.000362;6.658211;0.00241
мощностей;0.000362;5.073249;0.001837
мощности;0.000362;4.336283;0.00157
мощность;0.000362;4.073249;0.001475
мощностью;0.000362;5.658211;0.002048
мощностями;0.000362;6.658211;0.00241
мультиподписиможно;0.000362;6.658211;0.00241
мыльный;0.000362;6.658211;0.00241
н;0.000362;0.680932;0.000246
набирают;0.000362;5.658211;0.002048
наблюдается;0.000362;5.073249;0.001837
набор;0.000362;4.073249;0.001475
награды;0.000362;3.850857;0.001394
надежность;0.000362;3.488286;0.001263
назвали;0.000362;3.19878;0.001158
названа;0.000362;5.073249;0.001837
названный;0.000362;6.658211;0.00241
назвать;0.000362;4.073249;0.001475
называемую;0.000362;6.658211;0.00241
называет;0.000362;5.658211;0.002048
называл;0.000362;6.658211;0.00241
наименьшее;0.000362;6.658211;0.00241
наименьшей;0.000362;0.028855;1e-05
накоплений;0.000362;5.658211;0.002048
наличности;0.000362;6.658211;0.00241
наличные;0.000362;5.658211;0.002048
налог;0.000362;0.592122;0.000214
намайнил;0.000362;6.658211;0.00241
направление;0.000362;3.19878;0.001158
нас;0.000362;0.014355;5e-06
настраиваемым;0.000362;6.658211;0.00241
настроения;0.000362;3.658211;0.001324
нативная;0.000362;4.336283;0.00157
находится;0.000362;0.300659;0.000109
находятся;0.000362;1.336283;0.000484
начала;0.000362;0.448758;0.000162
началось;0.000362;6.658211;0.00241
началу;0.000362;5.658211;0.002048
начислено;0.000362;5.073249;0.001837
начнется;0.000362;5.073249;0.001837
невозможна;0.000362;5.658211;0.002048
невозможно;0.000362;3.336283;0.001208
него;0.000362;2.658211;0.000962
недавно;0.000362;0.570749;0.000207
недвижимости;0.000362;0.028855;1e-05
недооцененныесамая;0.000362;0.028855;1e-05
нее;0.000362;0.468387;0.00017
независимое;0.000362;6.658211;0.00241
независимым;0.000362;0.028855;1e-05
неизбежной;0.000362;6.658211;0.00241
неизвестна;0.000362;5.658211;0.002048
неизменность;0.000362;5.073249;0.001837
некоторые;0.000362;2.19878;0.000796
нельзя;0.000362;3.073249;0.001113
нем;0.000362;3.488286;0.001263
немного;0.000362;0.549687;0.000199
необратимы;0.000362;5.658211;0.002048
необходимо;0.000362;2.19878;0.000796
неограниченно;0.000362;6.658211;0.00241
неповторимый;0.000362;6.658211;0.00241
непрактично;0.000362;6.658211;0.00241
нерентабельна;0.000362;6.658211;0.00241
нерентабельно;0.000362;6.658211;0.00241
несет;0.000362;0.028855;1e-05
нескольких;0.000362;2.336283;0.000846
несколько;0.000362;0.182478;6.6e-05
несут;0.000362;5.073249;0.001837
нефиксированной;0.000362;6.658211;0.00241
низкими;0.000362;0.528928;0.000191
низких;0.000362;0.592122;0.000214
низкой;0.000362;0.028855;1e-05
ним;0.000362;3.488286;0.001263
ними;0.000362;0.528928;0.000191
них;0.000362;0.265894;9.6e-05
ничего;0.000362;0.570749;0.000207
новички;0.000362;4.073249;0.001475
новичков;0.000362;3.850857;0.001394
нового;0.000362;2.265894;0.00082
новой;0.000362;4.073249;0.001475
новую;0.000362;4.073249;0.001475
новый;0.000362;2.19878;0.000796
новым;0.000362;4.073249;0.001475
новых;0.000362;1.488286;0.000539
нода;0.000362;5.658211;0.002048
ноды;0.000362;4.336283;0.00157
номера;0.000362;5.658211;0.002048
нормально;0.000362;0.613817;0.000222
нотариате;0.000362;6.658211;0.00241
ноябре;0.000362;4.336283;0.00157
ноября;0.000362;2.488286;0.000901
нужна;0.000362;3.19878;0.001158
нужно;0.000362;1.372809;0.000497
обвалил;0.000362;6.658211;0.00241
обеспечения;0.000362;2.570749;0.000931
обеспечивает;0.000362;2.014355;0.000729
обеспечивают;0.000362;0.448758;0.000162
обеспечит;0.000362;5.658211;0.002048
обесценивание;0.000362;6.658211;0.00241
обзоре;0.000362;5.073249;0.001837
обзоры;0.000362;4.658211;0.001686
обладателем;0.000362;5.658211;0.002048
области;0.000362;3.488286;0.001263
обмена;0.000362;0.028855;1e-05
обменивайте;0.000362;3.19878;0.001158
обменника;0.000362;0.592122;0.000214
обменников;0.000362;0.028855;1e-05
обменные;0.000362;4.658211;0.001686
обновлений;0.000362;4.658211;0.001686
обновления;0.000362;2.265894;0.00082
обновленном;0.000362;0.570749;0.000207
обновляется;0.000362;0.613817;0.000222
обновляют;0.000362;4.658211;0.001686
обороты;0.000362;5.658211;0.002048
обработки;0.000362;3.336283;0.001208
обработку;0.000362;0.028855;1e-05
обратной;0.000362;0.028855;1e-05
обращайтесь;0.000362;0.028855;1e-05
обращение;0.000362;0.635844;0.00023
обращении;0.000362;0.088356;3.2e-05
обсуждаем;0.000362;0.613817;0.000222
обсуждаются;0.000362;6.658211;0.00241
обучение;0.000362;0.613817;0.000222
обходит;0.000362;5.073249;0.001837
общее;0.000362;3.658211;0.001324
общий;0.000362;3.336283;0.001208
общую;0.000362;3.073249;0.001113
объединению;0.000362;6.658211;0.00241
объединяется;0.000362;6.658211;0.00241
объединяющий;0.000362;6.658211;0.00241
объему;0.000362;1.166358;0.000422
обычно;0.000362;0.354431;0.000128
обязательную;0.000362;3.488286;0.001263
ограничение;0.000362;4.658211;0.001686
ограничения;0.000362;3.073249;0.001113
ограниченной;0.000362;0.028855;1e-05
одалживает;0.000362;6.658211;0.00241
один;0.000362;2.073249;0.000751
одним;0.000362;0.391425;0.000142
одновременно;0.000362;0.468387;0.00017
одной;0.000362;0.336283;0.000122
одноранговая;0.000362;5.658211;0.002048
одну;0.000362;2.850857;0.001032
ожидает;0.000362;3.073249;0.001113
ожидается;0.000362;0.528928;0.000191
ознакомительных;0.000362;0.028855;1e-05
означает;0.000362;3.336283;0.001208
оказалась;0.000362;4.658211;0.001686
оказываем;0.000362;0.028855;1e-05
окружающей;0.000362;5.658211;0.002048
октябре;0.000362;3.336283;0.001208
октября;0.000362;4.336283;0.00157
операции;0.000362;2.13465;0.000773
операций;0.000362;0.283172;0.000103
операцию;0.000362;4.658211;0.001686
описал;0.000362;6.658211;0.00241
описан;0.000362;6.658211;0.00241
описывал;0.000362;6.658211;0.00241
оплате;0.000362;5.073249;0.001837
оплаты;0.000362;2.265894;0.00082
оплачивать;0.000362;0.570749;0.000207
определит;0.000362;0.592122;0.000214
опровергал;0.000362;6.658211;0.00241
опрос;0.000362;1.850857;0.00067
оптимизации;0.000362;6.658211;0.00241
оптимистичны;0.000362;5.658211;0.002048
опубликовал;0.000362;5.073249;0.001837
опубликован;0.000362;4.336283;0.00157
опубликованные;0.000362;0.028855;1e-05
опубликованы;0.000362;6.658211;0.00241
опция;0.000362;3.488286;0.001263
опыта;0.000362;0.549687;0.000199
организаций;0.000362;0.028855;1e-05
органов;0.000362;5.073249;0.001837
оригинальной;0.000362;5.658211;0.002048
ориентированы;0.000362;5.658211;0.002048
освещается;0.000362;6.658211;0.00241
основавший;0.000362;6.658211;0.00241
основе;0.000362;1.80023;0.000652
основного;0.000362;6.658211;0.00241
основной;0.000362;0.318361;0.000115
основные;0.000362;2.957772;0.001071
особенностей;0.000362;4.336283;0.00157
остается;0.000362;2.658211;0.000962
остался;0.000362;4.658211;0.001686
остальные;0.000362;4.658211;0.001686
осуществить;0.000362;5.658211;0.002048
осуществляется;0.000362;3.850857;0.001394
ответа;0.000362;0.592122;0.000214
ответов;0.000362;0.613817;0.000222
ответственности;0.000362;0.028855;1e-05
ответы;0.000362;0.028855;1e-05
отдела;0.000362;0.592122;0.000214
отдельно;0.000362;0.592122;0.000214
отдельную;0.000362;5.658211;0.002048
отзыв;0.000362;0.704015;0.000255
отзывами;0.000362;6.658211;0.00241
открытом;0.000362;4.658211;0.001686
открытый;0.000362;3.488286;0.001263
открытым;0.000362;3.658211;0.001324
открыть;0.000362;0.751321;0.000272
отличается;0.000362;2.13465;0.000773
отличающиеся;0.000362;6.658211;0.00241
отложку;0.000362;0.613817;0.000222
отменять;0.000362;5.073249;0.001837
отметить;0.000362;0.570749;0.000207
отметку;0.000362;5.073249;0.001837
отмыванию;0.000362;5.658211;0.002048
относительную;0.000362;6.658211;0.00241
отображается;0.000362;3.488286;0.001263
отправил;0.000362;6.658211;0.00241
отправителей;0.000362;5.658211;0.002048
отправителя;0.000362;4.336283;0.00157
отправить;0.000362;4.658211;0.001686
отправляет;0.000362;3.488286;0.001263
отправляется;0.000362;5.073249;0.001837
отрицал;0.000362;6.658211;0.00241
отслеживаемых;0.000362;0.658211;0.000238
отслеживать;0.000362;3.19878;0.001158
отсутствии;0.000362;5.073249;0.001837
отсылает;0.000362;6.658211;0.00241
отфильтровать;0.000362;6.658211;0.00241
отчета;0.000362;5.658211;0.002048
официальной;0.000362;6.658211;0.00241
официальном;0.000362;4.658211;0.001686
оценена;0.000362;6.658211;0.00241
оценка;0.000362;1.300659;0.000471
очень;0.000362;2.850857;0.001032
ошибки;0.000362;3.850857;0.001394
падение;0.000362;2.957772;0.001071
падению;0.000362;4.658211;0.001686
параметрам;0.000362;6.658211;0.00241
паре;0.000362;5.073249;0.001837
парой;0.000362;4.658211;0.001686
пароль;0.000362;5.658211;0.002048
партнеров;0.000362;3.073249;0.001113
паспорта;0.000362;5.073249;0.001837
пасхалка;0.000362;6.658211;0.00241
патента;0.000362;6.658211;0.00241
первого;0.000362;3.658211;0.001324
первой;0.000362;2.570749;0.000931
первую;0.000362;3.850857;0.001394
первый;0.000362;2.570749;0.000931
перевести;0.000362;3.19878;0.001158
перевод;0.000362;3.19878;0.001158
перевода;0.000362;4.658211;0.001686
переводах;0.000362;5.073249;0.001837
переводе;0.000362;5.073249;0.001837
переводов;0.000362;2.570749;0.000931
переводят;0.000362;5.073249;0.001837
передаваемых;0.000362;6.658211;0.00241
передать;0.000362;5.073249;0.001837
переехали;0.000362;6.658211;0.00241
переживет;0.000362;6.658211;0.00241
переместила;0.000362;6.658211;0.00241
переписывались;0.000362;6.658211;0.00241
перерывов;0.000362;0.658211;0.000238
период;0.000362;2.13465;0.000773
персональных;0.000362;0.028855;1e-05
перспективе;0.000362;3.850857;0.001394
перспективности;0.000362;3.336283;0.001208
перспективность;0.000362;2.850857;0.001032
перспективы;0.000362;2.336283;0.000846
пиринговой;0.000362;5.658211;0.002048
письменного;0.000362;0.028855;1e-05
пиццу;0.000362;6.658211;0.00241
планирует;0.000362;3.073249;0.001113
плану;0.000362;5.073249;0.001837
плата;0.000362;4.658211;0.001686
платеж;0.000362;6.658211;0.00241
платежей;0.000362;3.658211;0.001324
платежи;0.000362;0.028855;1e-05
платежной;0.000362;4.073249;0.001475
платежные;0.000362;3.850857;0.001394
платежными;0.000362;3.850857;0.001394
платежных;0.000362;3.850857;0.001394
платить;0.000362;0.592122;0.000214
платформ;0.000362;1.850857;0.00067
платформа;0.000362;1.570749;0.000569
платформах;0.000362;0.391425;0.000142
платформы;0.000362;1.372809;0.000497
побывал;0.000362;0.613817;0.000222
повторяется;0.000362;6.658211;0.00241
повышает;0.000362;4.336283;0.00157
повышают;0.000362;6.658211;0.00241
повышенной;0.000362;4.336283;0.00157
повышенную;0.000362;4.658211;0.001686
повышены;0.000362;6.658211;0.00241
подали;0.000362;6.658211;0.00241
подарок;0.000362;3.658211;0.001324
поддержал;0.000362;6.658211;0.00241
поддержать;0.000362;5.658211;0.002048
поддерживает;0.000362;2.850857;0.001032
поддерживается;0.000362;3.850857;0.001394
поддерживало;0.000362;6.658211;0.00241
поддерживать;0.000362;3.488286;0.001263
поддерживают;0.000362;3.336283;0.001208
поддерживая;0.000362;5.658211;0.002048
поддержка;0.000362;0.468387;0.00017
поддержке;0.000362;4.073249;0.001475
поддержки;0.000362;2.410284;0.000873
поддержкой;0.000362;0.014355;5e-06
поддержку;0.000362;3.336283;0.001208
подключена;0.000362;6.658211;0.00241
подключены;0.000362;4.336283;0.00157
подкрепления;0.000362;4.073249;0.001475
подлинность;0.000362;5.658211;0.002048
подозрения;0.000362;5.073249;0.001837
подорожал;0.000362;4.658211;0.001686
подписанный;0.000362;6.658211;0.00241
подписка;0.000362;0.592122;0.000214
подпись;0.000362;5.658211;0.002048
подтверждает;0.000362;4.073249;0.001475
подтверждать;0.000362;4.658211;0.001686
подтверждена;0.000362;6.658211;0.00241
подходящим;0.000362;6.658211;0.00241
позволит;0.000362;3.073249;0.001113
позволяет;0.000362;1.231947;0.000446
позволяют;0.000362;2.265894;0.00082
позволяющее;0.000362;6.658211;0.00241
позволяющему;0.000362;5.658211;0.002048
позднее;0.000362;3.488286;0.001263
поздно;0.000362;5.073249;0.001837
пойти;0.000362;0.613817;0.000222
пока;0.000362;0.488286;0.000177
показателей;0.000362;0.508464;0.000184
показатели;0.000362;0.429393;0.000155
показателю;0.000362;5.073249;0.001837
показать;0.000362;4.336283;0.00157
покупателей;0.000362;3.19878;0.001158
покупать;0.000362;0.265894;9.6e-05
покупке;0.000362;0.014355;5e-06
покупки;0.000362;1.613817;0.000584
полной;0.000362;3.488286;0.001263
полному;0.000362;6.658211;0.00241
полноценной;0.000362;4.658211;0.001686
полный;0.000362;0.635844;0.00023
полным;0.000362;6.658211;0.00241
получаемую;0.000362;6.658211;0.00241
получает;0.000362;2.957772;0.001071
получается;0.000362;1.613817;0.000584
получателей;0.000362;5.658211;0.002048
получатель;0.000362;5.073249;0.001837
получателя;0.000362;5.073249;0.001837
получать;0.000362;2.19878;0.000796
получают;0.000362;0.182478;6.6e-05
получения;0.000362;0.549687;0.000199
получены;0.000362;6.658211;0.00241
получил;0.000362;2.957772;0.001071
получила;0.000362;4.658211;0.001686
получить;0.000362;1.80023;0.000652
пользователей;0.000362;0.014355;5e-06
пользователейпреимуществапояснение;0.000362;6.658211;0.00241
пользователя;0.000362;0.391425;0.000142
пользователям;0.000362;0.318361;0.000115
пользователями;0.000362;2.488286;0.000901
пользоваться;0.000362;4.073249;0.001475
помещать;0.000362;6.658211;0.00241
помог;0.000362;6.658211;0.00241
помощи;0.000362;4.073249;0.001475
помощью;0.000362;1.528928;0.000553
понадобятся;0.000362;5.658211;0.002048
понесли;0.000362;0.028855;1e-05
понравилась;0.000362;0.613817;0.000222
понравилось;0.000362;0.613817;0.000222
поправки;0.000362;6.658211;0.00241
популярной;0.000362;3.336283;0.001208
популярными;0.000362;4.336283;0.00157
популярных;0.000362;0.372809;0.000135
попытка;0.000362;6.658211;0.00241
пор;0.000362;3.488286;0.001263
портала;0.000362;0.028855;1e-05
порталом;0.000362;0.028855;1e-05
посвящена;0.000362;5.658211;0.002048
посвященного;0.000362;5.658211;0.002048
последователей;0.000362;4.658211;0.001686
посредников;0.000362;3.658211;0.001324
поставили;0.000362;4.658211;0.001686
поставить;0.000362;0.592122;0.000214
поставщик;0.000362;6.658211;0.00241
постепенное;0.000362;5.658211;0.002048
постоянно;0.000362;1.903324;0.000689
постоянного;0.000362;4.336283;0.00157
построением;0.000362;6.658211;0.00241
поступает;0.000362;5.658211;0.002048
поступают;0.000362;5.073249;0.001837
поступило;0.000362;6.658211;0.00241
поступления;0.000362;0.658211;0.000238
потенциалом;0.000362;0.028855;1e-05
потенциальных;0.000362;4.658211;0.001686
потери;0.000362;0.028855;1e-05
потолок;0.000362;6.658211;0.00241
потянулся;0.000362;0.613817;0.000222
почте;0.000362;0.028855;1e-05
почтение;0.000362;6.658211;0.00241
появится;0.000362;3.19878;0.001158
появлением;0.000362;5.073249;0.001837
появлению;0.000362;4.658211;0.001686
права;0.000362;0.028855;1e-05
правительств;0.000362;0.658211;0.000238
право;0.000362;3.488286;0.001263
практически;0.000362;4.073249;0.001475
превышать;0.000362;5.073249;0.001837
предел;0.000362;5.073249;0.001837
пределы;0.000362;4.658211;0.001686
предлагаемые;0.000362;6.658211;0.00241
предлагает;0.000362;0.468387;0.00017
предлагают;0.000362;2.336283;0.000846
предложена;0.000362;5.658211;0.002048
предложение;0.000362;3.073249;0.001113
предложений;0.000362;4.073249;0.001475
предложения;0.000362;2.073249;0.000751
предложенным;0.000362;6.658211;0.00241
предложено;0.000362;6.658211;0.00241
предназначаются;0.000362;0.028855;1e-05
предназначена;0.000362;4.336283;0.00157
предназначенная;0.000362;6.658211;0.00241
предоставлять;0.000362;6.658211;0.00241
предосторожности;0.000362;0.613817;0.000222
предотвратить;0.000362;5.658211;0.002048
предполагает;0.000362;3.850857;0.001394
предполагают;0.000362;5.073249;0.001837
предположения;0.000362;4.658211;0.001686
предпосылки;0.000362;4.658211;0.001686
предприятия;0.000362;6.658211;0.00241
предсказали;0.000362;5.658211;0.002048
предсказанная;0.000362;6.658211;0.00241
предсказывают;0.000362;4.658211;0.001686
представлены;0.000362;2.751321;0.000996
представляем;0.000362;0.028855;1e-05
представляет;0.000362;3.336283;0.001208
предупреждают;0.000362;6.658211;0.00241
предшественником;0.000362;6.658211;0.00241
предыдущей;0.000362;5.073249;0.001837
прежнему;0.000362;3.850857;0.001394
преобразовала;0.000362;6.658211;0.00241
преобразования;0.000362;6.658211;0.00241
преодолев;0.000362;6.658211;0.00241
прибыли;0.000362;2.658211;0.000962
приведет;0.000362;4.073249;0.001475
привел;0.000362;4.658211;0.001686
привело;0.000362;4.658211;0.001686
привлекательным;0.000362;5.073249;0.001837
привлечения;0.000362;4.073249;0.001475
приводит;0.000362;3.488286;0.001263
привязана;0.000362;3.488286;0.001263
придется;0.000362;0.570749;0.000207
призвал;0.000362;2.751321;0.000996
признак;0.000362;6.658211;0.00241
призовым;0.000362;0.570749;0.000207
приложений;0.000362;2.265894;0.00082
приложения;0.000362;0.028855;1e-05
применения;0.000362;2.570749;0.000931
применяется;0.000362;3.19878;0.001158
применяли;0.000362;6.658211;0.00241
примеру;0.000362;5.658211;0.002048
примеры;0.000362;4.658211;0.001686
принадлежит;0.000362;3.658211;0.001324
принимаем;0.000362;0.028855;1e-05
принимать;0.000362;0.549687;0.000199
принимают;0.000362;3.850857;0.001394
принципу;0.000362;4.336283;0.00157
приняло;0.000362;6.658211;0.00241
принятые;0.000362;6.658211;0.00241
принять;0.000362;4.073249;0.001475
приоритет;0.000362;4.336283;0.00157
природных;0.000362;5.658211;0.002048
присоединившись;0.000362;5.658211;0.002048
присоединился;0.000362;0.592122;0.000214
причастность;0.000362;6.658211;0.00241
причинам;0.000362;5.073249;0.001837
пришлось;0.000362;6.658211;0.00241
пробил;0.000362;6.658211;0.00241
проблему;0.000362;3.336283;0.001208
пробьет;0.000362;6.658211;0.00241
провайдеру;0.000362;0.613817;0.000222
провальной;0.000362;6.658211;0.00241
проведен;0.000362;4.336283;0.00157
проведения;0.000362;0.488286;0.000177
проведенное;0.000362;5.658211;0.002048
проведенный;0.000362;6.658211;0.00241
проверка;0.000362;4.658211;0.001686
проверке;0.000362;5.073249;0.001837
проводились;0.000362;5.658211;0.002048
проводить;0.000362;2.658211;0.000962
проводятся;0.000362;3.658211;0.001324
прогнозам;0.000362;3.658211;0.001324
программирования;0.000362;3.850857;0.001394
программистов;0.000362;3.850857;0.001394
программисты;0.000362;0.528928;0.000191
программного;0.000362;4.658211;0.001686
программу;0.000362;4.658211;0.001686
продавайте;0.000362;3.19878;0.001158
продавать;0.000362;3.488286;0.001263
продаем;0.000362;0.613817;0.000222
продолжаются;0.000362;6.658211;0.00241
продолжится;0.000362;5.073249;0.001837
продукты;0.000362;0.488286;0.000177
проекта;0.000362;1.372809;0.000497
проекте;0.000362;0.014355;5e-06
проектов;0.000362;1.704015;0.000617
проектом;0.000362;2.850857;0.001032
проекты;0.000362;0.043502;1.6e-05
прозрачнее;0.000362;6.658211;0.00241
прозрачность;0.000362;3.19878;0.001158
прозрачностьвести;0.000362;6.658211;0.00241
производитель;0.000362;5.073249;0.001837
производство;0.000362;5.658211;0.002048
произойдет;0.000362;3.336283;0.001208
произошло;0.000362;6.658211;0.00241
происходит;0.000362;2.488286;0.000901
происходят;0.000362;3.336283;0.001208
прописанное;0.000362;0.658211;0.000238
прописанный;0.000362;0.658211;0.000238
пропускная;0.000362;3.850857;0.001394
пропускной;0.000362;3.336283;0.001208
пропускную;0.000362;3.850857;0.001394
просадке;0.000362;4.658211;0.001686
простая;0.000362;0.592122;0.000214
простой;0.000362;0.592122;0.000214
пространство;0.000362;6.658211;0.00241
простыми;0.000362;3.488286;0.001263
простых;0.000362;5.073249;0.001837
протестировал;0.000362;0.592122;0.000214
протестировать;0.000362;6.658211;0.00241
протокол;0.000362;2.073249;0.000751
протокола;0.000362;2.410284;0.000873
профессиональном;0.000362;5.658211;0.002048
проходит;0.000362;3.850857;0.001394
проходить;0.000362;5.073249;0.001837
проходят;0.000362;2.850857;0.001032
процент;0.000362;3.488286;0.001263
процесс;0.000362;2.265894;0.00082
процессора;0.000362;6.658211;0.00241
процессоре;0.000362;0.592122;0.000214
прочие;0.000362;4.073249;0.001475
прочих;0.000362;5.658211;0.002048
прочтения;0.000362;0.028855;1e-05
прямых;0.000362;4.658211;0.001686
псевдоним;0.000362;5.658211;0.002048
псевдонимом;0.000362;5.658211;0.002048
псевдонимомкомментарий;0.000362;6.658211;0.00241
публикации;0.000362;4.073249;0.001475
публиковались;0.000362;6.658211;0.00241
публичная;0.000362;6.658211;0.00241
публичном;0.000362;0.658211;0.000238
пузырь;0.000362;5.658211;0.002048
пул;0.000362;4.073249;0.001475
пула;0.000362;0.592122;0.000214
пулах;0.000362;4.336283;0.00157
пулов;0.000362;5.073249;0.001837
пулу;0.000362;5.073249;0.001837
пулы;0.000362;0.014355;5e-06
путями;0.000362;5.658211;0.002048
работавший;0.000362;6.658211;0.00241
работает;0.000362;1.488286;0.000539
работать;0.000362;2.570749;0.000931
работающие;0.000362;0.570749;0.000207
работе;0.000362;3.19878;0.001158
работу;0.000362;2.570749;0.000931
работы;0.000362;1.658211;0.0006
равноправием;0.000362;6.658211;0.00241
радикально;0.000362;6.658211;0.00241
радостях;0.000362;0.613817;0.000222
разбавленная;0.000362;0.658211;0.000238
разветвления;0.000362;5.073249;0.001837
развитием;0.000362;4.658211;0.001686
развития;0.000362;1.903324;0.000689
развитые;0.000362;6.658211;0.00241
разворота;0.000362;6.658211;0.00241
раздел;0.000362;5.073249;0.001837
различие;0.000362;0.613817;0.000222
размера;0.000362;4.336283;0.00157
разница;0.000362;0.549687;0.000199
разновидности;0.000362;0.592122;0.000214
разное;0.000362;5.073249;0.001837
разным;0.000362;3.336283;0.001208
разными;0.000362;3.19878;0.001158
разных;0.000362;1.570749;0.000569
разрабатывает;0.000362;4.336283;0.00157
разработал;0.000362;4.336283;0.00157
разработан;0.000362;0.429393;0.000155
разработчикам;0.000362;3.488286;0.001263
разработчиками;0.000362;3.073249;0.001113
разработчиков;0.000362;1.751321;0.000634
разрешения;0.000362;0.028855;1e-05
ралли;0.000362;3.488286;0.001263
рано;0.000362;5.073249;0.001837
раскритиковал;0.000362;0.570749;0.000207
раскрытия;0.000362;5.658211;0.002048
распределенном;0.000362;5.658211;0.002048
распределенный;0.000362;4.336283;0.00157
распределены;0.000362;5.073249;0.001837
распространение;0.000362;5.073249;0.001837
рассказал;0.000362;0.592122;0.000214
рассмотрении;0.000362;6.658211;0.00241
рассмотрены;0.000362;4.658211;0.001686
рассчитывалась;0.000362;6.658211;0.00241
рассылки;0.000362;6.658211;0.00241
растет;0.000362;2.570749;0.000931
расти;0.000362;0.448758;0.000162
растраты;0.000362;6.658211;0.00241
растут;0.000362;5.658211;0.002048
расходования;0.000362;6.658211;0.00241
расчетам;0.000362;6.658211;0.00241
расширением;0.000362;5.658211;0.002048
расширения;0.000362;5.073249;0.001837
расширяется;0.000362;5.073249;0.001837
расшифровывают;0.000362;6.658211;0.00241
реализован;0.000362;4.658211;0.001686
реализованные;0.000362;5.658211;0.002048
реального;0.000362;0.215268;7.8e-05
реальный;0.000362;6.658211;0.00241
регистрацию;0.000362;4.658211;0.001686
регулирования;0.000362;4.336283;0.00157
регулятора;0.000362;0.488286;0.000177
редакции;0.000362;0.028855;1e-05
редко;0.000362;4.336283;0.00157
реестр;0.000362;3.488286;0.001263
реестре;0.000362;4.658211;0.001686
режиме;0.000362;0.182478;6.6e-05
резкого;0.000362;5.073249;0.001837
результат;0.000362;3.658211;0.001324
рейтинге;0.000362;1.658211;0.0006
рекомендуется;0.000362;0.448758;0.000162
ресурсов;0.000362;3.850857;0.001394
ресурсы;0.000362;2.850857;0.001032
решений;0.000362;4.658211;0.001686
решения;0.000362;2.658211;0.000962
решить;0.000362;3.658211;0.001324
риск;0.000362;2.410284;0.000873
рисках;0.000362;0.028855;1e-05
рождением;0.000362;6.658211;0.00241
рождения;0.000362;5.658211;0.002048
роль;0.000362;3.073249;0.001113
рост;0.000362;1.570749;0.000569
роста;0.000362;0.028855;1e-05
ростом;0.000362;4.073249;0.001475
рубеж;0.000362;5.658211;0.002048
рубежчтобы;0.000362;6.658211;0.00241
рублей;0.000362;0.028855;1e-05
рублям;0.000362;6.658211;0.00241
руках;0.000362;0.658211;0.000238
руководителей;0.000362;5.658211;0.002048
руководителем;0.000362;0.592122;0.000214
русском;0.000362;0.028855;1e-05
рынка;0.000362;1.570749;0.000569
рынке;0.000362;0.150417;5.4e-05
рынком;0.000362;4.658211;0.001686
рынку;0.000362;0.468387;0.00017
рынок;0.000362;0.300659;0.000109
сookie;0.000362;0.028855;1e-05
сайта;0.000362;0.028855;1e-05
сайтами;0.000362;6.658211;0.00241
сайте;0.000362;0.028855;1e-05
сайтов;0.000362;5.073249;0.001837
сайты;0.000362;3.19878;0.001158
сам;0.000362;3.19878;0.001158
самой;0.000362;3.336283;0.001208
самолетов;0.000362;0.028855;1e-05
самопровозгласил;0.000362;6.658211;0.00241
самым;0.000362;3.336283;0.001208
самых;0.000362;0.19878;7.2e-05
сбор;0.000362;0.028855;1e-05
сбора;0.000362;4.073249;0.001475
сборы;0.000362;3.658211;0.001324
своего;0.000362;0.488286;0.000177
свои;0.000362;2.014355;0.000729
своим;0.000362;0.528928;0.000191
своих;0.000362;3.336283;0.001208
свой;0.000362;0.014355;5e-06
свою;0.000362;2.658211;0.000962
своя;0.000362;6.658211;0.00241
связанных;0.000362;4.336283;0.00157
связано;0.000362;3.488286;0.001263
связи;0.000362;0.028855;1e-05
связующее;0.000362;6.658211;0.00241
связь;0.000362;0.014355;5e-06
сгенерировал;0.000362;6.658211;0.00241
сгенерированные;0.000362;6.658211;0.00241
сгенерированный;0.000362;6.658211;0.00241
сгенерированных;0.000362;5.658211;0.002048
сгенерировано;0.000362;5.073249;0.001837
сгенерировать;0.000362;6.658211;0.00241
сделав;0.000362;6.658211;0.00241
сделает;0.000362;5.658211;0.002048
сделан;0.000362;5.658211;0.002048
сделать;0.000362;2.751321;0.000996
сделки;0.000362;0.372809;0.000135
сделок;0.000362;1.957772;0.000709
себе;0.000362;5.073249;0.001837
себя;0.000362;2.751321;0.000996
сегодня;0.000362;0.391425;0.000142
сейчас;0.000362;0.448758;0.000162
сек;0.000362;0.028855;1e-05
секунд;0.000362;4.073249;0.001475
сельском;0.000362;6.658211;0.00241
семнадцатая;0.000362;6.658211;0.00241
сервера;0.000362;5.073249;0.001837
сервисами;0.000362;4.658211;0.001686
сервисе;0.000362;4.336283;0.00157
сервисов;0.000362;2.570749;0.000931
сервисы;0.000362;2.336283;0.000846
середину;0.000362;4.073249;0.001475
сети;0.000362;1.103623;0.0004
сетью;0.000362;2.957772;0.001071
сильно;0.000362;0.448758;0.000162
символов;0.000362;6.658211;0.00241
систем;0.000362;3.336283;0.001208
система;0.000362;0.391425;0.000142
системами;0.000362;4.073249;0.001475
системе;0.000362;2.488286;0.000901
системой;0.000362;3.658211;0.001324
систему;0.000362;3.336283;0.001208
системы;0.000362;2.13465;0.000773
системыкод;0.000362;6.658211;0.00241
ситуации;0.000362;0.528928;0.000191
сих;0.000362;4.658211;0.001686
скачку;0.000362;6.658211;0.00241
скидку;0.000362;3.19878;0.001158
скоростью;0.000362;3.19878;0.001158
скриптов;0.000362;5.658211;0.002048
скрывается;0.000362;6.658211;0.00241
скрывался;0.000362;6.658211;0.00241
скрываться;0.000362;6.658211;0.00241
словами;0.000362;3.488286;0.001263
сложные;0.000362;3.488286;0.001263
служба;0.000362;0.028855;1e-05
слуху;0.000362;0.613817;0.000222
случае;0.000362;2.014355;0.000729
случай;0.000362;0.549687;0.000199
случится;0.000362;0.613817;0.000222
смарт;0.000362;0.119053;4.3e-05
смог;0.000362;5.073249;0.001837
смогут;0.000362;3.19878;0.001158
смотреть;0.000362;0.391425;0.000142
соблюдать;0.000362;5.658211;0.002048
собой;0.000362;2.850857;0.001032
собственного;0.000362;4.073249;0.001475
собственной;0.000362;3.658211;0.001324
событиям;0.000362;6.658211;0.00241
советовал;0.000362;0.613817;0.000222
совместно;0.000362;4.336283;0.00157
соглашения;0.000362;5.073249;0.001837
содержатся;0.000362;0.028855;1e-05
содержать;0.000362;0.028855;1e-05
содержит;0.000362;3.850857;0.001394
сожалению;0.000362;6.658211;0.00241
создал;0.000362;4.336283;0.00157
создан;0.000362;2.19878;0.000796
создание;0.000362;2.265894;0.00082
создания;0.000362;1.80023;0.000652
созданных;0.000362;4.073249;0.001475
создано;0.000362;4.073249;0.001475
созданы;0.000362;3.073249;0.001113
создателем;0.000362;4.658211;0.001686
создатель;0.000362;4.073249;0.001475
создателю;0.000362;6.658211;0.00241
создать;0.000362;2.19878;0.000796
создают;0.000362;3.336283;0.001208
сокращение;0.000362;5.073249;0.001837
сообщения;0.000362;0.549687;0.000199
соответствии;0.000362;4.336283;0.00157
сопротивления;0.000362;0.549687;0.000199
сортировки;0.000362;6.658211;0.00241
сосредоточено;0.000362;5.658211;0.002048
составляет;0.000362;0.19878;7.2e-05
состоит;0.000362;3.19878;0.001158
состоялся;0.000362;5.073249;0.001837
состояние;0.000362;3.658211;0.001324
сотни;0.000362;3.488286;0.001263
сотнями;0.000362;3.19878;0.001158
сотрудничать;0.000362;4.073249;0.001475
сотрудничества;0.000362;0.028855;1e-05
софт;0.000362;5.658211;0.002048
софтфорк;0.000362;6.658211;0.00241
софтфорки;0.000362;6.658211;0.00241
сохранение;0.000362;0.592122;0.000214
сохранением;0.000362;6.658211;0.00241
сохранность;0.000362;6.658211;0.00241
сохраняется;0.000362;3.850857;0.001394
сочетание;0.000362;6.658211;0.00241
спасают;0.000362;0.592122;0.000214
специализированных;0.000362;5.073249;0.001837
специальные;0.000362;3.658211;0.001324
специальных;0.000362;4.336283;0.00157
специфическая;0.000362;6.658211;0.00241
спорт;0.000362;0.028855;1e-05
способ;0.000362;2.570749;0.000931
способами;0.000362;3.658211;0.001324
способность;0.000362;2.850857;0.001032
способностью;0.000362;3.658211;0.001324
способов;0.000362;3.658211;0.001324
спотовая;0.000362;5.073249;0.001837
сравнения;0.000362;3.19878;0.001158
сравнивать;0.000362;4.658211;0.001686
сравнить;0.000362;0.658211;0.000238
сразу;0.000362;2.570749;0.000931
среднем;0.000362;4.658211;0.001686
средний;0.000362;4.336283;0.00157
средств;0.000362;0.265894;9.6e-05
средства;0.000362;2.336283;0.000846
средство;0.000362;3.19878;0.001158
среды;0.000362;5.073249;0.001837
стабилен;0.000362;5.658211;0.002048
стабильная;0.000362;0.028855;1e-05
стабильность;0.000362;3.19878;0.001158
ставкой;0.000362;5.073249;0.001837
стал;0.000362;2.265894;0.00082
сталкиваются;0.000362;5.073249;0.001837
стандарта;0.000362;2.570749;0.000931
стандарты;0.000362;4.658211;0.001686
становится;0.000362;3.658211;0.001324
становления;0.000362;5.658211;0.002048
станут;0.000362;4.336283;0.00157
старые;0.000362;0.028855;1e-05
статус;0.000362;3.850857;0.001394
стейкинга;0.000362;4.336283;0.00157
степени;0.000362;4.336283;0.00157
стимулировать;0.000362;5.073249;0.001837
стоил;0.000362;5.073249;0.001837
стоимости;0.000362;0.028855;1e-05
стоимость;0.000362;0.073249;2.7e-05
стоимостью;0.000362;0.570749;0.000207
стоить;0.000362;4.073249;0.001475
сторонние;0.000362;4.658211;0.001686
стороны;0.000362;0.028855;1e-05
стоят;0.000362;5.073249;0.001837
стран;0.000362;2.957772;0.001071
страна;0.000362;5.658211;0.002048
странах;0.000362;3.850857;0.001394
страницах;0.000362;0.028855;1e-05
страны;0.000362;3.850857;0.001394
стратегии;0.000362;0.508464;0.000184
страхование;0.000362;0.592122;0.000214
страшного;0.000362;0.613817;0.000222
строили;0.000362;6.658211;0.00241
структуру;0.000362;4.073249;0.001475
сужает;0.000362;6.658211;0.00241
сумм;0.000362;0.592122;0.000214
суммарной;0.000362;5.658211;0.002048
сумме;0.000362;3.336283;0.001208
суммы;0.000362;3.850857;0.001394
сути;0.000362;3.658211;0.001324
существует;0.000362;2.336283;0.000846
существующую;0.000362;6.658211;0.00241
сферах;0.000362;5.073249;0.001837
сфере;0.000362;3.073249;0.001113
сферу;0.000362;4.658211;0.001686
сформирована;0.000362;6.658211;0.00241
схемой;0.000362;5.658211;0.002048
схож;0.000362;6.658211;0.00241
сценариев;0.000362;5.658211;0.002048
счет;0.000362;2.336283;0.000846
счетом;0.000362;0.028855;1e-05
счету;0.000362;3.336283;0.001208
считает;0.000362;3.850857;0.001394
считал;0.000362;5.073249;0.001837
считают;0.000362;2.570749;0.000931
таблице;0.000362;1.704015;0.000617
таких;0.000362;2.13465;0.000773
такое;0.000362;0.318361;0.000115
такой;0.000362;2.410284;0.000873
текущая;0.000362;0.549687;0.000199
текущей;0.000362;3.19878;0.001158
телефоне;0.000362;6.658211;0.00241
тема;0.000362;0.592122;0.000214
теоретический;0.000362;0.658211;0.000238
терминалов;0.000362;6.658211;0.00241
тестнеты;0.000362;0.592122;0.000214
технологического;0.000362;6.658211;0.00241
технологию;0.000362;3.336283;0.001208
течение;0.000362;0.549687;0.000199
тикером;0.000362;5.658211;0.002048
типа;0.000362;3.488286;0.001263
товар;0.000362;5.658211;0.002048
товаров;0.000362;3.658211;0.001324
токен;0.000362;0.19878;7.2e-05
токенов;0.000362;0.014355;5e-06
токены;0.000362;0.028855;1e-05
токеныдецентрализованныеобеспеченные;0.000362;0.028855;1e-05
токеныновые;0.000362;0.028855;1e-05
только;0.000362;0.014355;5e-06
тому;0.000362;3.658211;0.001324
топливом;0.000362;5.073249;0.001837
топовыми;0.000362;5.658211;0.002048
торги;0.000362;2.850857;0.001032
торгов;0.000362;0.073249;2.7e-05
торговаться;0.000362;4.658211;0.001686
торговли;0.000362;0.014355;5e-06
торговлиновые;0.000362;0.028855;1e-05
торговую;0.000362;3.073249;0.001113
торговый;0.000362;2.488286;0.000901
торгуется;0.000362;0.488286;0.000177
точки;0.000362;3.19878;0.001158
транзакций;0.000362;1.336283;0.000484
транзакцийзащита;0.000362;6.658211;0.00241
транзакциям;0.000362;4.658211;0.001686
транзакциях;0.000362;3.850857;0.001394
трансляция;0.000362;6.658211;0.00241
траты;0.000362;5.658211;0.002048
требовалась;0.000362;6.658211;0.00241
требованием;0.000362;6.658211;0.00241
трейдеров;0.000362;0.014355;5e-06
трейдинга;0.000362;2.410284;0.000873
трейдинге;0.000362;3.850857;0.001394
трейдингом;0.000362;4.073249;0.001475
тренд;0.000362;3.19878;0.001158
ты;0.000362;3.850857;0.001394
тыс;0.000362;1.957772;0.000709
тысячи;0.000362;4.336283;0.00157
увеличена;0.000362;6.658211;0.00241
увеличения;0.000362;4.336283;0.00157
увеличивающаяся;0.000362;6.658211;0.00241
увеличили;0.000362;6.658211;0.00241
увеличить;0.000362;4.073249;0.001475
уверен;0.000362;0.613817;0.000222
уверенного;0.000362;6.658211;0.00241
увидели;0.000362;6.658211;0.00241
удобны;0.000362;0.570749;0.000207
удобный;0.000362;3.488286;0.001263
уже;0.000362;0.182478;6.6e-05
узел;0.000362;4.073249;0.001475
узком;0.000362;0.613817;0.000222
узкопрофильная;0.000362;6.658211;0.00241
узлов;0.000362;3.336283;0.001208
узлом;0.000362;5.073249;0.001837
указанная;0.000362;6.658211;0.00241
указанный;0.000362;4.658211;0.001686
указаны;0.000362;3.336283;0.001208
указу;0.000362;6.658211;0.00241
указывает;0.000362;3.850857;0.001394
указывать;0.000362;5.658211;0.002048
улучшению;0.000362;4.658211;0.001686
улучшения;0.000362;4.658211;0.001686
улучшенную;0.000362;6.658211;0.00241
ультиматум;0.000362;5.658211;0.002048
уменьшает;0.000362;5.658211;0.002048
уменьшается;0.000362;4.336283;0.00157
уменьшение;0.000362;5.073249;0.001837
умножается;0.000362;0.658211;0.000238
упасть;0.000362;5.658211;0.002048
уполовинивание;0.000362;6.658211;0.00241
управления;0.000362;2.19878;0.000796
упростит;0.000362;6.658211;0.00241
уровень;0.000362;2.488286;0.000901
уровнем;0.000362;4.658211;0.001686
уровню;0.000362;0.528928;0.000191
условии;0.000362;0.592122;0.000214
услуг;0.000362;0.028855;1e-05
услугами;0.000362;5.073249;0.001837
услуги;0.000362;0.014355;5e-06
усовершенствовать;0.000362;6.658211;0.00241
успешно;0.000362;4.336283;0.00157
успешной;0.000362;5.073249;0.001837
успешных;0.000362;4.658211;0.001686
успокоился;0.000362;0.613817;0.000222
установил;0.000362;6.658211;0.00241
установить;0.000362;3.658211;0.001324
установлен;0.000362;4.658211;0.001686
установлена;0.000362;5.073249;0.001837
установленной;0.000362;5.658211;0.002048
установлено;0.000362;5.658211;0.002048
установлены;0.000362;5.658211;0.002048
устройств;0.000362;4.336283;0.00157
устройства;0.000362;5.073249;0.001837
устройствачтобы;0.000362;6.658211;0.00241
устройствах;0.000362;4.658211;0.001686
устройством;0.000362;6.658211;0.00241
уступает;0.000362;4.336283;0.00157
уходит;0.000362;4.658211;0.001686
участвовать;0.000362;0.372809;0.000135
участниками;0.000362;3.850857;0.001394
участников;0.000362;2.658211;0.000962
учет;0.000362;5.658211;0.002048
учетная;0.000362;0.592122;0.000214
файл;0.000362;5.658211;0.002048
файла;0.000362;6.658211;0.00241
факторов;0.000362;2.850857;0.001032
фамилию;0.000362;5.658211;0.002048
феномена;0.000362;6.658211;0.00241
фиат;0.000362;2.336283;0.000846
фиате;0.000362;5.073249;0.001837
фиатным;0.000362;3.488286;0.001263
фиатом;0.000362;0.028855;1e-05
фиату;0.000362;4.336283;0.00157
фиксации;0.000362;6.658211;0.00241
фиксировали;0.000362;6.658211;0.00241
фильтры;0.000362;6.658211;0.00241
финализацию;0.000362;6.658211;0.00241
финансирования;0.000362;4.073249;0.001475
финансируется;0.000362;6.658211;0.00241
финансов;0.000362;2.751321;0.000996
финансовой;0.000362;3.488286;0.001263
финансовые;0.000362;0.028855;1e-05
финансовыми;0.000362;3.850857;0.001394
финансовых;0.000362;0.014355;5e-06
фирму;0.000362;5.658211;0.002048
фирмы;0.000362;6.658211;0.00241
флагманом;0.000362;6.658211;0.00241
фондом;0.000362;0.570749;0.000207
фоне;0.000362;2.570749;0.000931
форк;0.000362;4.336283;0.00157
форка;0.000362;4.336283;0.00157
формируется;0.000362;3.19878;0.001158
форму;0.000362;0.028855;1e-05
форума;0.000362;0.592122;0.000214
форуме;0.000362;0.549687;0.000199
фраза;0.000362;6.658211;0.00241
фриспины;0.000362;3.19878;0.001158
функции;0.000362;0.410284;0.000149
функций;0.000362;3.658211;0.001324
функционирует;0.000362;4.073249;0.001475
функция;0.000362;3.850857;0.001394
фьючерсная;0.000362;5.073249;0.001837
х;0.000362;5.073249;0.001837
хаи;0.000362;0.613817;0.000222
халвинг;0.000362;6.658211;0.00241
хардфорк;0.000362;3.850857;0.001394
хардфорки;0.000362;5.658211;0.002048
хардфорку;0.000362;5.658211;0.002048
хеширования;0.000362;5.658211;0.002048
ходит;0.000362;0.613817;0.000222
хозяйстве;0.000362;6.658211;0.00241
хорошая;0.000362;0.570749;0.000207
хотел;0.000362;4.658211;0.001686
хотят;0.000362;3.19878;0.001158
хранение;0.000362;3.336283;0.001208
хранения;0.000362;2.658211;0.000962
хранилищ;0.000362;0.613817;0.000222
хранилища;0.000362;0.549687;0.000199
хранится;0.000362;3.850857;0.001394
хранить;0.000362;2.658211;0.000962
хэша;0.000362;6.658211;0.00241
хэшей;0.000362;6.658211;0.00241
целей;0.000362;4.073249;0.001475
целые;0.000362;5.658211;0.002048
целью;0.000362;3.073249;0.001113
целях;0.000362;0.028855;1e-05
цене;0.000362;1.13465;0.000411
ценных;0.000362;4.658211;0.001686
ценовом;0.000362;0.613817;0.000222
цента;0.000362;5.658211;0.002048
центами;0.000362;6.658211;0.00241
централизованных;0.000362;3.488286;0.001263
центрального;0.000362;5.073249;0.001837
центральных;0.000362;4.336283;0.00157
цену;0.000362;2.073249;0.000751
цены;0.000362;0.088356;3.2e-05
ценыроссийскиестейблкоинылучшие;0.000362;0.028855;1e-05
цепи;0.000362;3.658211;0.001324
цепь;0.000362;4.658211;0.001686
цифр;0.000362;6.658211;0.00241
цифровая;0.000362;2.751321;0.000996
цифровой;0.000362;1.704015;0.000617
ч;0.000362;0.028855;1e-05
чhuobi;0.000362;1.410284;0.000511
чобъем;0.000362;0.119053;4.3e-05
часа;0.000362;0.073249;2.7e-05
часов;0.000362;0.635844;0.00023
части;0.000362;2.073249;0.000751
частично;0.000362;5.658211;0.002048
частичное;0.000362;0.028855;1e-05
частности;0.000362;3.488286;0.001263
часть;0.000362;1.903324;0.000689
чат;0.000362;0.592122;0.000214
чего;0.000362;0.429393;0.000155
человек;0.000362;4.073249;0.001475
черты;0.000362;3.19878;0.001158
честь;0.000362;5.073249;0.001837
четвертый;0.000362;6.658211;0.00241
четко;0.000362;0.592122;0.000214
числа;0.000362;3.850857;0.001394
числе;0.000362;2.751321;0.000996
шифрования;0.000362;5.073249;0.001837
шуточный;0.000362;6.658211;0.00241
экономика;0.000362;5.658211;0.002048
экономики;0.000362;2.957772;0.001071
экономисты;0.000362;6.658211;0.00241
экономический;0.000362;6.658211;0.00241
экономических;0.000362;5.073249;0.001837
экосистемы;0.000362;2.957772;0.001071
электричества;0.000362;5.658211;0.002048
электронная;0.000362;5.073249;0.001837
электронной;0.000362;0.028855;1e-05
электронных;0.000362;5.658211;0.002048
электроэнергию;0.000362;5.073249;0.001837
эмиссиейсамые;0.000362;0.028855;1e-05
эмиссии;0.000362;3.336283;0.001208
эмиссионного;0.000362;6.658211;0.00241
этапы;0.000362;4.336283;0.00157
эти;0.000362;1.903324;0.000689
этим;0.000362;2.957772;0.001071
этого;0.000362;1.488286;0.000539
этом;0.000362;1.488286;0.000539
этому;0.000362;3.336283;0.001208
эффективного;0.000362;4.336283;0.00157
эффективность;0.000362;3.336283;0.001208
ювелирных;0.000362;0.028855;1e-05
юридическому;0.000362;0.592122;0.000214
является;0.000362;0.014355;5e-06
явно;0.000362;6.658211;0.00241
языке;0.000362;0.028855;1e-05
январе;0.000362;3.336283;0.001208
январский;0.000362;6.658211;0.00241
января;0.000362;2.658211;0.000962
яхты;0.000362;0.028855;1e-05
;0.000362;0.014355;5e-06
